seed,model_name,experiment_id,smishing_f1
1,MultinomialNB,manual_only,0.8634686346863468
1,MultinomialNB,synthetic_only,0.9111111111111112
1,MultinomialNB,combined,0.931297709923664
1,LogisticRegression,manual_only,0.8740157480314961
1,LogisticRegression,synthetic_only,0.906367041198502
1,LogisticRegression,combined,0.9348659003831418
1,LinearSVC,manual_only,0.888030888030888
1,LinearSVC,synthetic_only,0.9358490566037736
1,LinearSVC,combined,0.952755905511811
2,MultinomialNB,manual_only,0.8695652173913043
2,MultinomialNB,synthetic_only,0.9111969111969112
2,MultinomialNB,combined,0.9153846153846154
2,LogisticRegression,manual_only,0.897119341563786
2,LogisticRegression,synthetic_only,0.9140625
2,LogisticRegression,combined,0.9243027888446216
2,LinearSVC,manual_only,0.8987854251012146
2,LinearSVC,synthetic_only,0.9453125
2,LinearSVC,combined,0.9486166007905138
3,MultinomialNB,manual_only,0.8695652173913043
3,MultinomialNB,synthetic_only,0.9393939393939394
3,MultinomialNB,combined,0.9393939393939394
3,LogisticRegression,manual_only,0.8888888888888888
3,LogisticRegression,synthetic_only,0.9272030651340996
3,LogisticRegression,combined,0.9490196078431372
3,LinearSVC,manual_only,0.8853754940711462
3,LinearSVC,synthetic_only,0.937984496124031
3,LinearSVC,combined,0.952755905511811
4,MultinomialNB,manual_only,0.8854961832061069
4,MultinomialNB,synthetic_only,0.9182879377431906
4,MultinomialNB,combined,0.9291338582677166
4,LogisticRegression,manual_only,0.8906882591093117
4,LogisticRegression,synthetic_only,0.9230769230769232
4,LogisticRegression,combined,0.9402390438247012
4,LinearSVC,manual_only,0.896
4,LinearSVC,synthetic_only,0.9448818897637796
4,LinearSVC,combined,0.9435483870967742
5,MultinomialNB,manual_only,0.8432835820895522
5,MultinomialNB,synthetic_only,0.8644688644688645
5,MultinomialNB,combined,0.8656716417910447
5,LogisticRegression,manual_only,0.8278688524590164
5,LogisticRegression,synthetic_only,0.896551724137931
5,LogisticRegression,combined,0.8906882591093117
5,LinearSVC,manual_only,0.8097165991902834
5,LinearSVC,synthetic_only,0.9098039215686274
5,LinearSVC,combined,0.9182879377431906
6,MultinomialNB,manual_only,0.8846153846153846
6,MultinomialNB,synthetic_only,0.8931297709923665
6,MultinomialNB,combined,0.9111969111969112
6,LogisticRegression,manual_only,0.9068825910931174
6,LogisticRegression,synthetic_only,0.9049429657794676
6,LogisticRegression,combined,0.9402390438247012
6,LinearSVC,manual_only,0.9068825910931174
6,LinearSVC,synthetic_only,0.9453125
6,LinearSVC,combined,0.9453125
7,MultinomialNB,manual_only,0.875968992248062
7,MultinomialNB,synthetic_only,0.8846153846153846
7,MultinomialNB,combined,0.8914728682170543
7,LogisticRegression,manual_only,0.8934426229508197
7,LogisticRegression,synthetic_only,0.8715953307392996
7,LogisticRegression,combined,0.9149797570850202
7,LinearSVC,manual_only,0.8951612903225806
7,LinearSVC,synthetic_only,0.9274193548387096
7,LinearSVC,combined,0.943089430894309
8,MultinomialNB,manual_only,0.8793774319066148
8,MultinomialNB,synthetic_only,0.896551724137931
8,MultinomialNB,combined,0.9076923076923076
8,LogisticRegression,manual_only,0.8943089430894309
8,LogisticRegression,synthetic_only,0.9111969111969112
8,LogisticRegression,combined,0.92
8,LinearSVC,manual_only,0.8835341365461847
8,LinearSVC,synthetic_only,0.9302325581395348
8,LinearSVC,combined,0.9490196078431372
9,MultinomialNB,manual_only,0.8226415094339623
9,MultinomialNB,synthetic_only,0.8656716417910447
9,MultinomialNB,combined,0.8721804511278195
9,LogisticRegression,manual_only,0.8442622950819673
9,LogisticRegression,synthetic_only,0.8931297709923665
9,LogisticRegression,combined,0.9105058365758756
9,LinearSVC,manual_only,0.8502024291497976
9,LinearSVC,synthetic_only,0.9266409266409268
9,LinearSVC,combined,0.9486166007905138
10,MultinomialNB,manual_only,0.8444444444444444
10,MultinomialNB,synthetic_only,0.8796992481203008
10,MultinomialNB,combined,0.8582089552238806
10,LogisticRegression,manual_only,0.8185328185328186
10,LogisticRegression,synthetic_only,0.8872180451127819
10,LogisticRegression,combined,0.8854961832061069
10,LinearSVC,manual_only,0.8404669260700389
10,LinearSVC,synthetic_only,0.900763358778626
10,LinearSVC,combined,0.9034749034749034
11,MultinomialNB,manual_only,0.849624060150376
11,MultinomialNB,synthetic_only,0.906367041198502
11,MultinomialNB,combined,0.9266409266409268
11,LogisticRegression,manual_only,0.8408163265306122
11,LogisticRegression,synthetic_only,0.9195402298850576
11,LogisticRegression,combined,0.9402390438247012
11,LinearSVC,manual_only,0.8421052631578947
11,LinearSVC,synthetic_only,0.9609375
11,LinearSVC,combined,0.9644268774703556
12,MultinomialNB,manual_only,0.8507462686567164
12,MultinomialNB,synthetic_only,0.8929889298892989
12,MultinomialNB,combined,0.9022556390977444
12,LogisticRegression,manual_only,0.8844621513944223
12,LogisticRegression,synthetic_only,0.9022556390977444
12,LogisticRegression,combined,0.9195402298850576
12,LinearSVC,manual_only,0.8774703557312253
12,LinearSVC,synthetic_only,0.9166666666666666
12,LinearSVC,combined,0.9416342412451362
13,MultinomialNB,manual_only,0.8745247148288974
13,MultinomialNB,synthetic_only,0.8981132075471698
13,MultinomialNB,combined,0.9125475285171104
13,LogisticRegression,manual_only,0.8688524590163934
13,LogisticRegression,synthetic_only,0.9125475285171104
13,LogisticRegression,combined,0.9296875
13,LinearSVC,manual_only,0.888
13,LinearSVC,synthetic_only,0.926070038910506
13,LinearSVC,combined,0.9490196078431372
14,MultinomialNB,manual_only,0.8669201520912547
14,MultinomialNB,synthetic_only,0.920754716981132
14,MultinomialNB,combined,0.9201520912547528
14,LogisticRegression,manual_only,0.872
14,LogisticRegression,synthetic_only,0.9022556390977444
14,LogisticRegression,combined,0.9448818897637796
14,LinearSVC,manual_only,0.8764940239043825
14,LinearSVC,synthetic_only,0.9343629343629344
14,LinearSVC,combined,0.9453125
15,MultinomialNB,manual_only,0.8846153846153846
15,MultinomialNB,synthetic_only,0.9097744360902256
15,MultinomialNB,combined,0.9195402298850576
15,LogisticRegression,manual_only,0.872
15,LogisticRegression,synthetic_only,0.9022556390977444
15,LogisticRegression,combined,0.9333333333333332
15,LinearSVC,manual_only,0.8774703557312253
15,LinearSVC,synthetic_only,0.9343629343629344
15,LinearSVC,combined,0.9333333333333332
16,MultinomialNB,manual_only,0.8685258964143426
16,MultinomialNB,synthetic_only,0.9182879377431906
16,MultinomialNB,combined,0.921875
16,LogisticRegression,manual_only,0.8583333333333333
16,LogisticRegression,synthetic_only,0.9069767441860463
16,LogisticRegression,combined,0.9224489795918368
16,LinearSVC,manual_only,0.8724279835390947
16,LinearSVC,synthetic_only,0.9365079365079364
16,LinearSVC,combined,0.9392712550607288
17,MultinomialNB,manual_only,0.8449612403100775
17,MultinomialNB,synthetic_only,0.9153846153846154
17,MultinomialNB,combined,0.9111969111969112
17,LogisticRegression,manual_only,0.859504132231405
17,LogisticRegression,synthetic_only,0.9153846153846154
17,LogisticRegression,combined,0.935483870967742
17,LinearSVC,manual_only,0.8559670781893004
17,LinearSVC,synthetic_only,0.9457364341085271
17,LinearSVC,combined,0.9407114624505928
18,MultinomialNB,manual_only,0.8478260869565217
18,MultinomialNB,synthetic_only,0.8897058823529411
18,MultinomialNB,combined,0.8888888888888888
18,LogisticRegression,manual_only,0.8327137546468402
18,LogisticRegression,synthetic_only,0.8759124087591241
18,LogisticRegression,combined,0.896551724137931
18,LinearSVC,manual_only,0.8475836431226765
18,LinearSVC,synthetic_only,0.9070631970260224
18,LinearSVC,combined,0.900763358778626
19,MultinomialNB,manual_only,0.8270676691729323
19,MultinomialNB,synthetic_only,0.9022556390977444
19,MultinomialNB,combined,0.8973384030418251
19,LogisticRegression,manual_only,0.8353413654618473
19,LogisticRegression,synthetic_only,0.8905660377358491
19,LogisticRegression,combined,0.8992248062015504
19,LinearSVC,manual_only,0.84
19,LinearSVC,synthetic_only,0.9224806201550388
19,LinearSVC,combined,0.9140625
20,MultinomialNB,manual_only,0.8392156862745098
20,MultinomialNB,synthetic_only,0.8947368421052632
20,MultinomialNB,combined,0.9015151515151516
20,LogisticRegression,manual_only,0.8629032258064516
20,LogisticRegression,synthetic_only,0.9384615384615383
20,LogisticRegression,combined,0.9291338582677166
20,LinearSVC,manual_only,0.856
20,LinearSVC,synthetic_only,0.9457364341085271
20,LinearSVC,combined,0.924901185770751
21,MultinomialNB,manual_only,0.8721804511278195
21,MultinomialNB,synthetic_only,0.9015151515151516
21,MultinomialNB,combined,0.9307692307692308
21,LogisticRegression,manual_only,0.8862745098039215
21,LogisticRegression,synthetic_only,0.9166666666666666
21,LogisticRegression,combined,0.9448818897637796
21,LinearSVC,manual_only,0.8846153846153846
21,LinearSVC,synthetic_only,0.9457364341085271
21,LinearSVC,combined,0.953125
22,MultinomialNB,manual_only,0.8549019607843137
22,MultinomialNB,synthetic_only,0.9
22,MultinomialNB,combined,0.9069767441860463
22,LogisticRegression,manual_only,0.8835341365461847
22,LogisticRegression,synthetic_only,0.8931297709923665
22,LogisticRegression,combined,0.9243027888446216
22,LinearSVC,manual_only,0.8888888888888888
22,LinearSVC,synthetic_only,0.9375
22,LinearSVC,combined,0.9444444444444444
23,MultinomialNB,manual_only,0.8593155893536122
23,MultinomialNB,synthetic_only,0.9172932330827068
23,MultinomialNB,combined,0.9172932330827068
23,LogisticRegression,manual_only,0.8790322580645161
23,LogisticRegression,synthetic_only,0.9166666666666666
23,LogisticRegression,combined,0.9490196078431372
23,LinearSVC,manual_only,0.8844621513944223
23,LinearSVC,synthetic_only,0.9494163424124512
23,LinearSVC,combined,0.952755905511811
24,MultinomialNB,manual_only,0.8267716535433071
24,MultinomialNB,synthetic_only,0.9056603773584906
24,MultinomialNB,combined,0.9111969111969112
24,LogisticRegression,manual_only,0.8713692946058091
24,LogisticRegression,synthetic_only,0.9153846153846154
24,LogisticRegression,combined,0.9285714285714286
24,LinearSVC,manual_only,0.864
24,LinearSVC,synthetic_only,0.9416342412451362
24,LinearSVC,combined,0.9448818897637796
25,MultinomialNB,manual_only,0.8604651162790697
25,MultinomialNB,synthetic_only,0.8773234200743495
25,MultinomialNB,combined,0.8838951310861424
25,LogisticRegression,manual_only,0.8760330578512396
25,LogisticRegression,synthetic_only,0.8745247148288974
25,LogisticRegression,combined,0.9083665338645418
25,LinearSVC,manual_only,0.8816326530612245
25,LinearSVC,synthetic_only,0.9176470588235294
25,LinearSVC,combined,0.928
26,MultinomialNB,manual_only,0.8387096774193549
26,MultinomialNB,synthetic_only,0.9070631970260224
26,MultinomialNB,combined,0.9070631970260224
26,LogisticRegression,manual_only,0.8503937007874016
26,LogisticRegression,synthetic_only,0.8996282527881041
26,LogisticRegression,combined,0.9348659003831418
26,LinearSVC,manual_only,0.84375
26,LinearSVC,synthetic_only,0.9384615384615383
26,LinearSVC,combined,0.9465648854961832
27,MultinomialNB,manual_only,0.8387096774193549
27,MultinomialNB,synthetic_only,0.8725868725868726
27,MultinomialNB,combined,0.8941176470588236
27,LogisticRegression,manual_only,0.8448275862068966
27,LogisticRegression,synthetic_only,0.9011857707509882
27,LogisticRegression,combined,0.9016393442622952
27,LinearSVC,manual_only,0.8376068376068376
27,LinearSVC,synthetic_only,0.9163346613545816
27,LinearSVC,combined,0.926829268292683
28,MultinomialNB,manual_only,0.8549618320610687
28,MultinomialNB,synthetic_only,0.8913857677902621
28,MultinomialNB,combined,0.8939393939393939
28,LogisticRegression,manual_only,0.8861788617886179
28,LogisticRegression,synthetic_only,0.9195402298850576
28,LogisticRegression,combined,0.9243027888446216
28,LinearSVC,manual_only,0.8809523809523809
28,LinearSVC,synthetic_only,0.9453125
28,LinearSVC,combined,0.9402390438247012
29,MultinomialNB,manual_only,0.8327137546468402
29,MultinomialNB,synthetic_only,0.8856088560885609
29,MultinomialNB,combined,0.8880597014925373
29,LogisticRegression,manual_only,0.8695652173913043
29,LogisticRegression,synthetic_only,0.9015151515151516
29,LogisticRegression,combined,0.9243027888446216
29,LinearSVC,manual_only,0.8793774319066148
29,LinearSVC,synthetic_only,0.9195402298850576
29,LinearSVC,combined,0.9365079365079364
30,MultinomialNB,manual_only,0.8862745098039215
30,MultinomialNB,synthetic_only,0.9147286821705426
30,MultinomialNB,combined,0.9291338582677166
30,LogisticRegression,manual_only,0.8641975308641975
30,LogisticRegression,synthetic_only,0.9140625
30,LogisticRegression,combined,0.934959349593496
30,LinearSVC,manual_only,0.8724279835390947
30,LinearSVC,synthetic_only,0.9523809523809524
30,LinearSVC,combined,0.9482071713147412
