seed,model_name,experiment_id,duplicate_mode,n_train,n_test,accuracy,macro_precision,macro_recall,macro_f1,ham_precision,ham_recall,ham_f1,spam_precision,spam_recall,spam_f1,smishing_precision,smishing_recall,smishing_f1
1,MultinomialNB,manual_only,drop_exact_duplicates,4759,1190,0.9512605042016806,0.8814261560178075,0.8108973138610981,0.8293558550558767,0.9777327935222672,0.9989658738366081,0.9882352941176471,0.8596491228070176,0.5051546391752577,0.6363636363636364,0.8068965517241379,0.9285714285714286,0.8634686346863468
1,MultinomialNB,synthetic_only,drop_exact_duplicates,4759,1190,0.9705882352941176,0.9199403081390659,0.9014390841702434,0.9052228214509465,0.994824016563147,0.9937952430196484,0.9943093636833937,0.935064935064935,0.7422680412371134,0.8275862068965517,0.8299319727891157,0.9682539682539683,0.8937728937728938
1,MultinomialNB,combined,drop_exact_duplicates,11151,1190,0.9840336134453781,0.94674688057041,0.94096331506112,0.9426925588822415,1.0,0.9989658738366081,0.999482669425763,0.9431818181818182,0.8556701030927835,0.8972972972972973,0.8970588235294118,0.9682539682539683,0.9312977099236641
1,LogisticRegression,manual_only,drop_exact_duplicates,4759,1190,0.9630252100840336,0.8963918595841612,0.8699362551162677,0.8820016918587932,0.9866939611054247,0.9968976215098242,0.9917695473251029,0.8352941176470589,0.7319587628865979,0.7802197802197802,0.8671875,0.8809523809523809,0.8740157480314961
1,LogisticRegression,synthetic_only,drop_exact_duplicates,4759,1190,0.9714285714285714,0.918064182194617,0.9033656398340456,0.906797035270384,0.9958592132505176,0.9948293691830403,0.9953440248318676,0.925,0.7628865979381443,0.8361581920903954,0.8333333333333334,0.9523809523809523,0.8888888888888888
1,LogisticRegression,combined,drop_exact_duplicates,11151,1190,0.9840336134453781,0.9490372929060321,0.9471467498525357,0.9472954720331032,0.9989637305699481,0.9968976215098242,0.9979296066252588,0.9444444444444444,0.8762886597938144,0.9090909090909091,0.9037037037037037,0.9682539682539683,0.9348659003831418
1,LinearSVC,manual_only,drop_exact_duplicates,4759,1190,0.9638655462184874,0.9037020731269555,0.8702089873477629,0.8840059336203295,0.9856850715746421,0.9968976215098242,0.9912596401028277,0.8607594936708861,0.7010309278350515,0.7727272727272727,0.8646616541353384,0.9126984126984127,0.888030888030888
1,LinearSVC,synthetic_only,drop_exact_duplicates,4759,1190,0.980672268907563,0.943005445118429,0.9326101219138457,0.9349096477584472,0.9989637305699481,0.9968976215098242,0.9979296066252588,0.963855421686747,0.8247422680412371,0.8888888888888888,0.8661971830985915,0.9761904761904762,0.917910447761194
1,LinearSVC,combined,drop_exact_duplicates,11151,1190,0.9899159663865547,0.9642269736842105,0.9627175039546173,0.9634186351706037,1.0,1.0,1.0,0.9473684210526315,0.9278350515463918,0.9375,0.9453125,0.9603174603174603,0.952755905511811
2,MultinomialNB,manual_only,drop_exact_duplicates,4759,1190,0.9495798319327731,0.8760233475131379,0.8064692085310642,0.8337111248806347,0.9708835341365462,1.0,0.9852266938359654,0.7910447761194029,0.5463917525773195,0.6463414634146342,0.8661417322834646,0.873015873015873,0.8695652173913043
2,MultinomialNB,synthetic_only,drop_exact_duplicates,4759,1190,0.9714285714285714,0.9202198776304198,0.8956723345895939,0.9052778129014972,0.9917780061664954,0.9979317476732161,0.9948453608247423,0.9012345679012346,0.7525773195876289,0.8202247191011236,0.8676470588235294,0.9365079365079365,0.9007633587786259
2,MultinomialNB,combined,drop_exact_duplicates,11151,1190,0.9756302521008403,0.9318356631725931,0.9058801069110348,0.9165890179135668,0.9928131416837782,1.0,0.996393611540443,0.9146341463414634,0.7731958762886598,0.8379888268156425,0.8880597014925373,0.9444444444444444,0.9153846153846154
2,LogisticRegression,manual_only,drop_exact_duplicates,4759,1190,0.9605042016806723,0.9052068413514197,0.8519336715213003,0.8766037011102209,0.9767676767676767,1.0,0.9882473173224323,0.8072289156626506,0.6907216494845361,0.7444444444444445,0.9316239316239316,0.8650793650793651,0.897119341563786
2,LogisticRegression,synthetic_only,drop_exact_duplicates,4759,1190,0.9747899159663865,0.9287895050685749,0.9048164512082036,0.9157381705812724,0.9917948717948718,1.0,0.995880535530381,0.8953488372093024,0.7938144329896907,0.8415300546448088,0.8992248062015504,0.9206349206349206,0.9098039215686274
2,LogisticRegression,combined,drop_exact_duplicates,11151,1190,0.9789915966386554,0.940993222813054,0.925090299188104,0.9328286519370979,0.9928057553956835,0.9989658738366081,0.9958762886597938,0.9021739130434783,0.8556701030927835,0.8783068783068783,0.928,0.9206349206349206,0.9243027888446215
2,LinearSVC,manual_only,drop_exact_duplicates,4759,1190,0.9588235294117647,0.9034451923931396,0.8434789723449517,0.870053914355935,0.9747983870967742,1.0,0.9872383869321082,0.8181818181818182,0.6494845360824743,0.7241379310344828,0.9173553719008265,0.8809523809523809,0.8987854251012146
2,LinearSVC,synthetic_only,drop_exact_duplicates,4759,1190,0.9831932773109243,0.9516469213902868,0.9368079419625811,0.9439166116463845,0.9948559670781894,1.0,0.997421351211965,0.9230769230769231,0.865979381443299,0.8936170212765957,0.937007874015748,0.9444444444444444,0.9407114624505929
2,LinearSVC,combined,drop_exact_duplicates,11151,1190,0.984873949579832,0.9579345969693009,0.9428898707249221,0.9500977570504716,0.9948559670781894,1.0,0.997421351211965,0.9340659340659341,0.8762886597938144,0.9042553191489362,0.9448818897637795,0.9523809523809523,0.9486166007905138
3,MultinomialNB,manual_only,drop_exact_duplicates,4759,1190,0.9504201680672268,0.9165456914200633,0.8019963999345442,0.8250041251215428,0.9718592964824121,1.0,0.9857288481141692,0.9777777777777777,0.4536082474226804,0.6197183098591549,0.8,0.9523809523809523,0.8695652173913043
3,MultinomialNB,synthetic_only,drop_exact_duplicates,4759,1190,0.9773109243697479,0.9427267249924339,0.9188644174464918,0.926779439297349,0.9938144329896907,0.9968976215098242,0.9953536396489416,0.9620253164556962,0.7835051546391752,0.8636363636363636,0.8723404255319149,0.9761904761904762,0.9213483146067416
3,MultinomialNB,combined,drop_exact_duplicates,11151,1190,0.9823529411764705,0.9563352805199948,0.9356003332804791,0.9432116173895634,0.9948453608247423,0.9979317476732161,0.996386164171399,0.975609756097561,0.8247422680412371,0.8938547486033519,0.8985507246376812,0.9841269841269841,0.9393939393939394
3,LogisticRegression,manual_only,drop_exact_duplicates,4759,1190,0.9630252100840336,0.9068654019873531,0.8629618968535162,0.8825039584059295,0.9817073170731707,0.9989658738366081,0.9902614044079959,0.85,0.7010309278350515,0.768361581920904,0.8888888888888888,0.8888888888888888,0.8888888888888888
3,LogisticRegression,synthetic_only,drop_exact_duplicates,4759,1190,0.9789915966386554,0.9433742813447856,0.9234364757557968,0.9307123227673638,0.9948453608247423,0.9979317476732161,0.996386164171399,0.9512195121951219,0.8041237113402062,0.8715083798882681,0.8840579710144928,0.9682539682539683,0.9242424242424242
3,LogisticRegression,combined,drop_exact_duplicates,11151,1190,0.9865546218487395,0.9633015802759269,0.9520635168829713,0.9573234038102036,0.9958762886597938,0.9989658738366081,0.9974186886938565,0.9560439560439561,0.8969072164948454,0.925531914893617,0.937984496124031,0.9603174603174603,0.9490196078431372
3,LinearSVC,manual_only,drop_exact_duplicates,4759,1190,0.9630252100840336,0.9017008858655435,0.8629618968535162,0.8802326720455417,0.9837067209775967,0.9989658738366081,0.991277578245254,0.8395061728395061,0.7010309278350515,0.7640449438202247,0.8818897637795275,0.8888888888888888,0.8853754940711462
3,LinearSVC,synthetic_only,drop_exact_duplicates,4759,1190,0.9882352941176471,0.972204017988294,0.954981751759969,0.9614285282735322,0.9969040247678018,0.9989658738366081,0.9979338842975206,1.0,0.865979381443299,0.9281767955801105,0.9197080291970803,1.0,0.9581749049429658
3,LinearSVC,combined,drop_exact_duplicates,11151,1190,0.9873949579831933,0.9628176946358623,0.9554999429998098,0.9590018597610053,0.9969040247678018,0.9989658738366081,0.9979338842975206,0.946236559139785,0.9072164948453608,0.9263157894736842,0.9453125,0.9603174603174603,0.952755905511811
4,MultinomialNB,manual_only,drop_exact_duplicates,4759,1190,0.9596638655462185,0.9004394861392834,0.842960781105111,0.8636396919085912,0.9807302231237323,1.0,0.9902713773681515,0.8676470588235294,0.6082474226804123,0.7151515151515152,0.8529411764705882,0.9206349206349206,0.8854961832061069
4,MultinomialNB,synthetic_only,drop_exact_duplicates,4759,1190,0.9697478991596639,0.9049110196894592,0.9043300458240916,0.9040575418003725,0.9958549222797928,0.9937952430196484,0.994824016563147,0.8681318681318682,0.8144329896907216,0.8404255319148937,0.8507462686567164,0.9047619047619048,0.8769230769230769
4,MultinomialNB,combined,drop_exact_duplicates,11151,1190,0.9815126050420168,0.9445093230102142,0.9430928827830712,0.9437491178713829,0.9958634953464323,0.9958634953464323,0.9958634953464323,0.9157894736842105,0.8969072164948454,0.90625,0.921875,0.9365079365079365,0.9291338582677166
4,LogisticRegression,manual_only,drop_exact_duplicates,4759,1190,0.9647058823529412,0.9053304581394469,0.8776000308212805,0.8909607887713329,0.9846782431052093,0.9968976215098242,0.9907502569373073,0.8222222222222222,0.7628865979381443,0.7914438502673797,0.9090909090909091,0.873015873015873,0.8906882591093117
4,LogisticRegression,synthetic_only,drop_exact_duplicates,4759,1190,0.9747899159663865,0.9188696952520323,0.9186931912440713,0.9182051169100198,0.9968911917098445,0.9948293691830403,0.9958592132505176,0.8791208791208791,0.8247422680412371,0.851063829787234,0.8805970149253731,0.9365079365079365,0.9076923076923077
4,LogisticRegression,combined,drop_exact_duplicates,11151,1190,0.9815126050420168,0.9429160340464687,0.9461846001787793,0.9445140841100127,0.9958592132505176,0.9948293691830403,0.9953440248318676,0.8888888888888888,0.9072164948453608,0.8979591836734694,0.944,0.9365079365079365,0.9402390438247012
4,LinearSVC,manual_only,drop_exact_duplicates,4759,1190,0.9663865546218487,0.9071268139047803,0.8828910361122858,0.8944894906854285,0.9866939611054247,0.9968976215098242,0.9917695473251029,0.8314606741573034,0.7628865979381443,0.7956989247311828,0.9032258064516129,0.8888888888888888,0.896
4,LinearSVC,synthetic_only,drop_exact_duplicates,4759,1190,0.9840336134453781,0.9506215224605049,0.9456368793994994,0.9479518830516023,0.996900826446281,0.9979317476732161,0.9974160206718347,0.9247311827956989,0.8865979381443299,0.9052631578947369,0.9302325581395349,0.9523809523809523,0.9411764705882353
4,LinearSVC,combined,drop_exact_duplicates,11151,1190,0.984873949579832,0.9519724066296346,0.9514460759303455,0.9515566638416514,0.996900826446281,0.9979317476732161,0.9974160206718347,0.9,0.9278350515463918,0.9137055837563451,0.9590163934426229,0.9285714285714286,0.9435483870967742
5,MultinomialNB,manual_only,drop_exact_duplicates,4759,1190,0.9420168067226891,0.8577821578839736,0.7762603204612182,0.7970832721620983,0.9698795180722891,0.9989658738366081,0.9842078451349975,0.8076923076923077,0.4329896907216495,0.5637583892617449,0.795774647887324,0.8968253968253969,0.8432835820895522
5,MultinomialNB,synthetic_only,drop_exact_duplicates,4759,1190,0.9663865546218487,0.9009360925257249,0.8874206474713944,0.8897630857349528,0.9958549222797928,0.9937952430196484,0.994824016563147,0.8987341772151899,0.7319587628865979,0.8068181818181818,0.8082191780821918,0.9365079365079365,0.8676470588235294
5,MultinomialNB,combined,drop_exact_duplicates,11151,1190,0.9663865546218487,0.8997453730648353,0.8828190596226503,0.8877601220019989,0.9948347107438017,0.9958634953464323,0.9953488372093023,0.8875,0.7319587628865979,0.8022598870056498,0.8169014084507042,0.9206349206349206,0.8656716417910447
5,LogisticRegression,manual_only,drop_exact_duplicates,4759,1190,0.9554621848739496,0.8699574842476413,0.8407342199866642,0.8547787170538167,0.9847094801223242,0.9989658738366081,0.9917864476386037,0.7692307692307693,0.7216494845360825,0.7446808510638298,0.8559322033898306,0.8015873015873016,0.8278688524590164
5,LogisticRegression,synthetic_only,drop_exact_duplicates,4759,1190,0.9705882352941176,0.9139256856207383,0.8907260380197192,0.8995812961214714,0.9938271604938271,0.9989658738366081,0.9963898916967509,0.9012345679012346,0.7525773195876289,0.8202247191011236,0.8467153284671532,0.9206349206349206,0.8821292775665399
5,LogisticRegression,combined,drop_exact_duplicates,11151,1190,0.973109243697479,0.9171300635218161,0.9119642919896654,0.9143949186337035,0.9938144329896907,0.9968976215098242,0.9953536396489416,0.8484848484848485,0.865979381443299,0.8571428571428571,0.9090909090909091,0.873015873015873,0.8906882591093117
5,LinearSVC,manual_only,drop_exact_duplicates,4759,1190,0.9512605042016806,0.857958580193483,0.8212512954780995,0.8384296110698225,0.9827235772357723,1.0,0.99128651973347,0.7647058823529411,0.6701030927835051,0.7142857142857143,0.8264462809917356,0.7936507936507936,0.8097165991902834
5,LinearSVC,synthetic_only,drop_exact_duplicates,4759,1190,0.9747899159663865,0.9268848863649816,0.9109998859996195,0.9179308304663998,0.9938208032955715,0.9979317476732161,0.9958720330237358,0.9080459770114943,0.8144329896907216,0.8586956521739131,0.8787878787878788,0.9206349206349206,0.8992248062015504
5,LinearSVC,combined,drop_exact_duplicates,11151,1190,0.9815126050420168,0.9403071991709053,0.93072601320024,0.9349851382171032,0.9979360165118679,1.0,0.9989669421487604,0.9222222222222223,0.8556701030927835,0.8877005347593583,0.9007633587786259,0.9365079365079365,0.9182879377431906
6,MultinomialNB,manual_only,drop_exact_duplicates,4759,1190,0.9596638655462185,0.9155647696265042,0.8499351393678625,0.8744476041151232,0.9767206477732794,0.9979317476732161,0.9872122762148338,0.9117647058823529,0.6391752577319587,0.7515151515151515,0.8582089552238806,0.9126984126984127,0.8846153846153846
6,MultinomialNB,synthetic_only,drop_exact_duplicates,4759,1190,0.9722689075630252,0.9194145621151745,0.9176590650806794,0.9168552153079251,0.995846313603323,0.9917269906928645,0.9937823834196892,0.9195402298850575,0.8247422680412371,0.8695652173913043,0.8428571428571429,0.9365079365079365,0.8872180451127819
6,MultinomialNB,combined,drop_exact_duplicates,11151,1190,0.9773109243697479,0.9347565455060148,0.9290024695945869,0.9312422717131033,0.9948293691830403,0.9948293691830403,0.9948293691830403,0.9222222222222223,0.8556701030927835,0.8877005347593583,0.8872180451127819,0.9365079365079365,0.9111969111969112
6,LogisticRegression,manual_only,drop_exact_duplicates,4759,1190,0.965546218487395,0.9084947014045529,0.8856380447868629,0.8967484396334299,0.984646878198567,0.9948293691830403,0.9897119341563786,0.8152173913043478,0.7731958762886598,0.7936507936507936,0.9256198347107438,0.8888888888888888,0.9068825910931174
6,LogisticRegression,synthetic_only,drop_exact_duplicates,4759,1190,0.9756302521008403,0.9326343664687885,0.9174560530225303,0.9225586270781531,0.9948347107438017,0.9958634953464323,0.9953488372093023,0.9397590361445783,0.8041237113402062,0.8666666666666667,0.8633093525179856,0.9523809523809523,0.9056603773584906
6,LogisticRegression,combined,drop_exact_duplicates,11151,1190,0.980672268907563,0.942570968484012,0.9458398914576485,0.9441691970605214,0.994824016563147,0.9937952430196484,0.9943093636833937,0.8888888888888888,0.9072164948453608,0.8979591836734694,0.944,0.9365079365079365,0.9402390438247012
6,LinearSVC,manual_only,drop_exact_duplicates,4759,1190,0.9672268907563025,0.9124590702948262,0.8894191796248321,0.9006187120222208,0.9856704196519959,0.9958634953464323,0.9907407407407407,0.8260869565217391,0.7835051546391752,0.8042328042328042,0.9256198347107438,0.8888888888888888,0.9068825910931174
6,LinearSVC,synthetic_only,drop_exact_duplicates,4759,1190,0.9840336134453781,0.9557790352694108,0.9464278028708352,0.9509623667687341,0.9948453608247423,0.9979317476732161,0.996386164171399,0.9354838709677419,0.8969072164948454,0.9157894736842105,0.937007874015748,0.9444444444444444,0.9407114624505929
6,LinearSVC,combined,drop_exact_duplicates,11151,1190,0.9865546218487395,0.9581184296599318,0.9520635168829713,0.9547990110126738,0.9979338842975206,0.9989658738366081,0.9984496124031008,0.9456521739130435,0.8969072164948454,0.9206349206349206,0.9307692307692308,0.9603174603174603,0.9453125
7,MultinomialNB,manual_only,drop_exact_duplicates,4759,1190,0.9537815126050421,0.9003119251862971,0.8212785687012492,0.8497326134540769,0.9718592964824121,1.0,0.9857288481141692,0.873015873015873,0.5670103092783505,0.6875,0.8560606060606061,0.8968253968253969,0.875968992248062
7,MultinomialNB,synthetic_only,drop_exact_duplicates,4759,1190,0.9672268907563025,0.9032630018351279,0.9032959196606997,0.9024602659575919,0.9937759336099585,0.9906928645294726,0.9922320041429311,0.8777777777777778,0.8144329896907216,0.8449197860962567,0.8382352941176471,0.9047619047619048,0.8702290076335878
7,MultinomialNB,combined,drop_exact_duplicates,11151,1190,0.9722689075630252,0.9187684296379949,0.916940118098979,0.9174908128256138,0.9937888198757764,0.9927611168562565,0.9932747025349198,0.8913043478260869,0.845360824742268,0.8677248677248677,0.8712121212121212,0.9126984126984127,0.8914728682170543
7,LogisticRegression,manual_only,drop_exact_duplicates,4759,1190,0.9630252100840336,0.9042719228828172,0.877701536850355,0.8905370218800924,0.982635342185904,0.9948293691830403,0.9886947584789312,0.8064516129032258,0.7731958762886598,0.7894736842105263,0.923728813559322,0.8650793650793651,0.8934426229508197
7,LogisticRegression,synthetic_only,drop_exact_duplicates,4759,1190,0.9689075630252101,0.9070656936492675,0.901684543178589,0.9037673005675927,0.9937952430196484,0.9937952430196484,0.9937952430196484,0.8777777777777778,0.8144329896907216,0.8449197860962567,0.849624060150376,0.8968253968253969,0.8725868725868726
7,LogisticRegression,combined,drop_exact_duplicates,11151,1190,0.9781512605042016,0.9317079450616897,0.9394852304638124,0.9351087205692896,0.9958549222797928,0.9937952430196484,0.994824016563147,0.8653846153846154,0.9278350515463918,0.8955223880597015,0.9338842975206612,0.8968253968253969,0.9149797570850202
7,LinearSVC,manual_only,drop_exact_duplicates,4759,1190,0.9638655462184874,0.9018699177906662,0.876464398628814,0.8887137719640171,0.9846625766871165,0.9958634953464323,0.9902313624678664,0.8111111111111111,0.7525773195876289,0.7807486631016043,0.9098360655737705,0.8809523809523809,0.8951612903225806
7,LinearSVC,synthetic_only,drop_exact_duplicates,4759,1190,0.9831932773109243,0.9473796405614587,0.9445732236966684,0.945968182562953,0.996900826446281,0.9979317476732161,0.9974160206718347,0.9166666666666666,0.9072164948453608,0.9119170984455959,0.9285714285714286,0.9285714285714286,0.9285714285714286
7,LinearSVC,combined,drop_exact_duplicates,11151,1190,0.9865546218487395,0.9581539268477931,0.9560181342396504,0.9567720814949195,0.9969040247678018,0.9989658738366081,0.9979338842975206,0.9108910891089109,0.9484536082474226,0.9292929292929293,0.9666666666666667,0.9206349206349206,0.943089430894309
8,MultinomialNB,manual_only,drop_exact_duplicates,4759,1190,0.9529411764705882,0.8935267506388892,0.8209338599801185,0.847867134768896,0.971830985915493,0.9989658738366081,0.9852116267210607,0.8461538461538461,0.5670103092783505,0.6790123456790124,0.8625954198473282,0.8968253968253969,0.8793774319066148
8,MultinomialNB,synthetic_only,drop_exact_duplicates,4759,1190,0.9672268907563025,0.9058729973200196,0.9001322257753562,0.9005194336120868,0.9937759336099585,0.9906928645294726,0.9922320041429311,0.8928571428571429,0.7731958762886598,0.8287292817679558,0.8309859154929577,0.9365079365079365,0.8805970149253731
8,MultinomialNB,combined,drop_exact_duplicates,11151,1190,0.9764705882352941,0.9322582329050517,0.9255660434777484,0.928080702327625,0.9948293691830403,0.9948293691830403,0.9948293691830403,0.9213483146067416,0.845360824742268,0.8817204301075269,0.8805970149253731,0.9365079365079365,0.9076923076923077
8,LogisticRegression,manual_only,drop_exact_duplicates,4759,1190,0.9638655462184874,0.9092940607706392,0.874163604704442,0.8909077919977818,0.9816700610997964,0.9968976215098242,0.9892252437147255,0.8295454545454546,0.7525773195876289,0.7891891891891892,0.9166666666666666,0.873015873015873,0.8943089430894309
8,LogisticRegression,synthetic_only,drop_exact_duplicates,4759,1190,0.9722689075630252,0.9229642683702587,0.9114756302892637,0.9160956632300506,0.9917440660474717,0.9937952430196484,0.9927685950413223,0.896551724137931,0.8041237113402062,0.8478260869565217,0.8805970149253731,0.9365079365079365,0.9076923076923077
8,LogisticRegression,combined,drop_exact_duplicates,11151,1190,0.9798319327731092,0.9373905796913435,0.9385928009634018,0.9379408930066339,0.9958634953464323,0.9958634953464323,0.9958634953464323,0.8888888888888888,0.9072164948453608,0.8979591836734694,0.9274193548387096,0.9126984126984127,0.92
8,LinearSVC,manual_only,drop_exact_duplicates,4759,1190,0.9621848739495799,0.9031103281531289,0.8641990350750572,0.8822527964244,0.9816887080366226,0.9979317476732161,0.9897435897435898,0.8333333333333334,0.7216494845360825,0.7734806629834254,0.8943089430894309,0.873015873015873,0.8835341365461847
8,LinearSVC,synthetic_only,drop_exact_duplicates,4759,1190,0.9789915966386554,0.9417049280685644,0.9342934748855921,0.9374161127923099,0.993801652892562,0.9948293691830403,0.9943152454780362,0.9222222222222223,0.8556701030927835,0.8877005347593583,0.9090909090909091,0.9523809523809523,0.9302325581395349
8,LinearSVC,combined,drop_exact_duplicates,11151,1190,0.9865546218487395,0.9601802316016254,0.9520635168829713,0.9558628042585262,0.9969040247678018,0.9989658738366081,0.9979338842975206,0.9456521739130435,0.8969072164948454,0.9206349206349206,0.937984496124031,0.9603174603174603,0.9490196078431372
9,MultinomialNB,manual_only,drop_exact_duplicates,4759,1190,0.9453781512605042,0.8557894869400803,0.7931697188139154,0.8131007961312395,0.9767441860465116,0.9989658738366081,0.9877300613496932,0.8064516129032258,0.5154639175257731,0.6289308176100629,0.7841726618705036,0.8650793650793651,0.8226415094339623
9,MultinomialNB,synthetic_only,drop_exact_duplicates,4759,1190,0.9647058823529412,0.8901634421180028,0.8852213595760968,0.8842482734511914,0.997920997920998,0.9927611168562565,0.995334370139969,0.8780487804878049,0.7422680412371134,0.8044692737430168,0.7945205479452054,0.9206349206349206,0.8529411764705882
9,MultinomialNB,combined,drop_exact_duplicates,11151,1190,0.9680672268907563,0.899184139544074,0.8958753466477428,0.8957305949203732,0.9968879668049793,0.9937952430196484,0.9953392024857587,0.872093023255814,0.7731958762886598,0.819672131147541,0.8285714285714286,0.9206349206349206,0.8721804511278195
9,LogisticRegression,manual_only,drop_exact_duplicates,4759,1190,0.9537815126050421,0.8679577045766577,0.8477381077888545,0.8575095853291058,0.9836233367451381,0.9937952430196484,0.9886831275720165,0.7473684210526316,0.7319587628865979,0.7395833333333334,0.8728813559322034,0.8174603174603174,0.8442622950819673
9,LogisticRegression,synthetic_only,drop_exact_duplicates,4759,1190,0.9697478991596639,0.908510744085555,0.9089316336728356,0.9078945687420791,0.9948132780082988,0.9917269906928645,0.9932677369238736,0.8777777777777778,0.8144329896907216,0.8449197860962567,0.8529411764705882,0.9206349206349206,0.8854961832061069
9,LogisticRegression,combined,drop_exact_duplicates,11151,1190,0.9764705882352941,0.927533904849585,0.9294486843447919,0.9283036683238278,0.9958549222797928,0.9937952430196484,0.994824016563147,0.8936170212765957,0.865979381443299,0.8795811518324608,0.8931297709923665,0.9285714285714286,0.9105058365758755
9,LinearSVC,manual_only,drop_exact_duplicates,4759,1190,0.9554621848739496,0.8743888706357431,0.8437539608927364,0.8583568746110624,0.9826707441386341,0.9968976215098242,0.9897330595482546,0.7727272727272727,0.7010309278350515,0.7351351351351352,0.8677685950413223,0.8333333333333334,0.8502024291497976
9,LinearSVC,synthetic_only,drop_exact_duplicates,4759,1190,0.9789915966386554,0.9375247471049276,0.9373851922812998,0.9365884862540126,0.9968879668049793,0.9937952430196484,0.9953392024857587,0.9333333333333333,0.865979381443299,0.8983957219251337,0.8823529411764706,0.9523809523809523,0.916030534351145
9,LinearSVC,combined,drop_exact_duplicates,11151,1190,0.9873949579831933,0.9598859597748194,0.9562908664711456,0.9580498488423159,0.9979338842975206,0.9989658738366081,0.9984496124031008,0.9368421052631579,0.9175257731958762,0.9270833333333334,0.9448818897637795,0.9523809523809523,0.9486166007905138
10,MultinomialNB,manual_only,drop_exact_duplicates,4759,1190,0.9478991596638655,0.8739980531857423,0.7964326624120438,0.8168693638533969,0.9757820383451059,1.0,0.9877425944841676,0.8545454545454545,0.4845360824742268,0.618421052631579,0.7916666666666666,0.9047619047619048,0.8444444444444444
10,MultinomialNB,synthetic_only,drop_exact_duplicates,4759,1190,0.9630252100840336,0.8922060107245292,0.8651907142882527,0.8733431339970421,0.9917695473251029,0.9968976215098242,0.9943269726663229,0.8666666666666667,0.6701030927835051,0.7558139534883721,0.8181818181818182,0.9285714285714286,0.8698884758364313
10,MultinomialNB,combined,drop_exact_duplicates,11151,1190,0.9621848739495799,0.8865976497502004,0.8633361351140859,0.8705565620529075,0.9927909371781668,0.9968976215098242,0.9948400412796697,0.8571428571428571,0.6804123711340206,0.7586206896551724,0.8098591549295775,0.9126984126984127,0.8582089552238806
10,LogisticRegression,manual_only,drop_exact_duplicates,4759,1190,0.9445378151260504,0.8357978749904649,0.7982894979025001,0.8129432382063961,0.9806714140386572,0.9968976215098242,0.9887179487179487,0.7297297297297297,0.5567010309278351,0.631578947368421,0.7969924812030075,0.8412698412698413,0.8185328185328186
10,LogisticRegression,synthetic_only,drop_exact_duplicates,4759,1190,0.9663865546218487,0.8994038955158498,0.8812372126799787,0.886507544920028,0.9938080495356038,0.9958634953464323,0.9948347107438017,0.8734177215189873,0.711340206185567,0.7840909090909091,0.8309859154929577,0.9365079365079365,0.8805970149253731
10,LogisticRegression,combined,drop_exact_duplicates,11151,1190,0.9689075630252101,0.8997931281535663,0.8931283379731657,0.8952358348798319,0.9958634953464323,0.9958634953464323,0.9958634953464323,0.8505747126436781,0.7628865979381443,0.8043478260869565,0.8529411764705882,0.9206349206349206,0.8854961832061069
10,LinearSVC,manual_only,drop_exact_duplicates,4759,1190,0.9521008403361344,0.8601614638283787,0.8183603338242514,0.8353906834848907,0.9827235772357723,1.0,0.99128651973347,0.7733333333333333,0.5979381443298969,0.6744186046511628,0.8244274809160306,0.8571428571428571,0.8404669260700389
10,LinearSVC,synthetic_only,drop_exact_duplicates,4759,1190,0.9739495798319328,0.9235832523020889,0.9020989720730656,0.9099599501467522,0.9948506694129763,0.9989658738366081,0.9969040247678018,0.9135802469135802,0.7628865979381443,0.8314606741573034,0.8623188405797102,0.9444444444444444,0.9015151515151515
10,LinearSVC,combined,drop_exact_duplicates,11151,1190,0.9756302521008403,0.9236428736199948,0.9074619538537064,0.9143136582105268,0.995880535530381,1.0,0.9979360165118679,0.8953488372093024,0.7938144329896907,0.8415300546448088,0.8796992481203008,0.9285714285714286,0.9034749034749034
11,MultinomialNB,manual_only,drop_exact_duplicates,4759,1190,0.9512605042016806,0.8748658246111557,0.8109692903507336,0.8309901408284338,0.978744939271255,1.0,0.9892583120204603,0.8387096774193549,0.5360824742268041,0.6540880503144654,0.8071428571428572,0.8968253968253969,0.849624060150376
11,MultinomialNB,synthetic_only,drop_exact_duplicates,4759,1190,0.965546218487395,0.9070743277348864,0.8916775265990076,0.8936837436310641,0.9937759336099585,0.9906928645294726,0.9922320041429311,0.922077922077922,0.7319587628865979,0.8160919540229885,0.8053691275167785,0.9523809523809523,0.8727272727272727
11,MultinomialNB,combined,drop_exact_duplicates,11151,1190,0.980672268907563,0.943315284646554,0.9318911749321455,0.936676079857898,0.9958720330237358,0.9979317476732161,0.996900826446281,0.9318181818181818,0.845360824742268,0.8864864864864865,0.9022556390977443,0.9523809523809523,0.9266409266409267
11,LogisticRegression,manual_only,drop_exact_duplicates,4759,1190,0.9563025210084034,0.8646158335128923,0.8487722339522467,0.8564528530151888,0.9887179487179487,0.9968976215098242,0.9927909371781668,0.7395833333333334,0.7319587628865979,0.7357512953367875,0.865546218487395,0.8174603174603174,0.8408163265306122
11,LogisticRegression,synthetic_only,drop_exact_duplicates,4759,1190,0.9773109243697479,0.9294960836566438,0.9251198287275431,0.9264079408506136,0.9968944099378882,0.9958634953464323,0.9963786859803414,0.9101123595505618,0.8350515463917526,0.8709677419354839,0.8814814814814815,0.9444444444444444,0.9118773946360154
11,LogisticRegression,combined,drop_exact_duplicates,11151,1190,0.9831932773109243,0.9443381400380702,0.9530574524124562,0.9485682960607704,0.9979253112033195,0.9948293691830403,0.9963749352667012,0.8910891089108911,0.9278350515463918,0.9090909090909091,0.944,0.9365079365079365,0.9402390438247012
11,LinearSVC,manual_only,drop_exact_duplicates,4759,1190,0.9571428571428572,0.8684919839409521,0.8452343018063336,0.8564880039073782,0.9877300613496932,0.9989658738366081,0.9933161953727506,0.7582417582417582,0.711340206185567,0.7340425531914894,0.859504132231405,0.8253968253968254,0.8421052631578947
11,LinearSVC,synthetic_only,drop_exact_duplicates,4759,1190,0.9890756302521009,0.9679660496801371,0.960790948290815,0.9639394229162749,0.9979338842975206,0.9989658738366081,0.9984496124031008,0.967032967032967,0.9072164948453608,0.9361702127659575,0.9389312977099237,0.9761904761904762,0.9571984435797666
11,LinearSVC,combined,drop_exact_duplicates,11151,1190,0.9915966386554622,0.9724972000835694,0.9687994327169585,0.9706089160904631,0.9989669421487604,1.0,0.999483204134367,0.9578947368421052,0.9381443298969072,0.9479166666666666,0.9606299212598425,0.9682539682539683,0.9644268774703557
12,MultinomialNB,manual_only,drop_exact_duplicates,4759,1190,0.9495798319327731,0.8721975694027749,0.8094889494371365,0.8280111304895782,0.977710233029382,0.9979317476732161,0.9877175025588536,0.8360655737704918,0.5257731958762887,0.6455696202531646,0.8028169014084507,0.9047619047619048,0.8507462686567164
12,MultinomialNB,synthetic_only,drop_exact_duplicates,4759,1190,0.9689075630252101,0.9095453780418019,0.901540590199318,0.9003901089188839,0.9979188345473465,0.9917269906928645,0.9948132780082988,0.9240506329113924,0.7525773195876289,0.8295454545454546,0.8066666666666666,0.9603174603174603,0.8768115942028986
12,MultinomialNB,combined,drop_exact_duplicates,11151,1190,0.9756302521008403,0.927536231884058,0.9174560530225303,0.9201709260389199,0.9968944099378882,0.9958634953464323,0.9963786859803414,0.9285714285714286,0.8041237113402062,0.861878453038674,0.8571428571428571,0.9523809523809523,0.9022556390977443
12,LogisticRegression,manual_only,drop_exact_duplicates,4759,1190,0.9613445378151261,0.8912136752136752,0.8723385550697142,0.8814056553854014,0.9856410256410256,0.9937952430196484,0.9897013388259527,0.8,0.7422680412371134,0.7700534759358288,0.888,0.8809523809523809,0.8844621513944223
12,LogisticRegression,synthetic_only,drop_exact_duplicates,4759,1190,0.9697478991596639,0.9065401735406806,0.9088596571831999,0.9050217787658354,0.9979166666666667,0.9906928645294726,0.99429164504411,0.8941176470588236,0.7835051546391752,0.8351648351648352,0.8275862068965517,0.9523809523809523,0.8856088560885609
12,LogisticRegression,combined,drop_exact_duplicates,11151,1190,0.9781512605042016,0.9303543475283905,0.940132200955877,0.9348019546380995,0.9979188345473465,0.9917269906928645,0.9948132780082988,0.9042553191489362,0.8762886597938144,0.8900523560209425,0.8888888888888888,0.9523809523809523,0.9195402298850575
12,LinearSVC,manual_only,drop_exact_duplicates,4759,1190,0.9621848739495799,0.8950891876774429,0.869591546395137,0.8813891268749905,0.9856704196519959,0.9958634953464323,0.9907407407407407,0.8255813953488372,0.7319587628865979,0.7759562841530054,0.8740157480314961,0.8809523809523809,0.8774703557312253
12,LinearSVC,synthetic_only,drop_exact_duplicates,4759,1190,0.9773109243697479,0.9313416313416313,0.9328131339719951,0.9305317642388937,0.997920997920998,0.9927611168562565,0.995334370139969,0.9318181818181818,0.845360824742268,0.8864864864864865,0.8642857142857143,0.9603174603174603,0.9097744360902256
12,LinearSVC,combined,drop_exact_duplicates,11151,1190,0.9857142857142858,0.952704265472592,0.9517188081618406,0.9519572410688785,0.9989648033126294,0.9979317476732161,0.9984480082772892,0.9354838709677419,0.8969072164948454,0.9157894736842105,0.9236641221374046,0.9603174603174603,0.9416342412451362
13,MultinomialNB,manual_only,drop_exact_duplicates,4759,1190,0.9521008403361344,0.9016788115453233,0.8128238695249004,0.8406963570008417,0.9708835341365462,1.0,0.9852266938359654,0.8947368421052632,0.5257731958762887,0.6623376623376623,0.8394160583941606,0.9126984126984127,0.8745247148288974
13,MultinomialNB,synthetic_only,drop_exact_duplicates,4759,1190,0.973109243697479,0.925285155609762,0.9048459807476427,0.9120544921365316,0.9938144329896907,0.9968976215098242,0.9953536396489416,0.9259259259259259,0.7731958762886598,0.8426966292134831,0.8561151079136691,0.9444444444444444,0.8981132075471698
13,MultinomialNB,combined,drop_exact_duplicates,11151,1190,0.9764705882352941,0.9360037247304076,0.9116173269522451,0.9209566681611747,0.9938271604938271,0.9989658738366081,0.9963898916967509,0.9382716049382716,0.7835051546391752,0.8539325842696629,0.8759124087591241,0.9523809523809523,0.9125475285171103
13,LogisticRegression,manual_only,drop_exact_duplicates,4759,1190,0.9621848739495799,0.9119506728042822,0.8642710115646928,0.8865971017421593,0.9787234042553191,0.9989658738366081,0.9887410440122825,0.8588235294117647,0.7525773195876289,0.8021978021978022,0.8983050847457628,0.8412698412698413,0.8688524590163934
13,LogisticRegression,synthetic_only,drop_exact_duplicates,4759,1190,0.9747899159663865,0.9335425865025808,0.9109279095099838,0.9192878448800806,0.9927909371781668,0.9968976215098242,0.9948400412796697,0.9382716049382716,0.7835051546391752,0.8539325842696629,0.8695652173913043,0.9523809523809523,0.9090909090909091
13,LogisticRegression,combined,drop_exact_duplicates,11151,1190,0.980672268907563,0.9472632294477027,0.9326820984034813,0.9393442171011018,0.9938208032955715,0.9979317476732161,0.9958720330237358,0.9325842696629213,0.8556701030927835,0.8924731182795699,0.9153846153846154,0.9444444444444444,0.9296875
13,LinearSVC,manual_only,drop_exact_duplicates,4759,1190,0.9663865546218487,0.9154514886244022,0.8744068073964981,0.8932649572649572,0.9837232960325534,1.0,0.9917948717948718,0.8674698795180723,0.7422680412371134,0.8,0.8951612903225806,0.8809523809523809,0.888
13,LinearSVC,synthetic_only,drop_exact_duplicates,4759,1190,0.980672268907563,0.943315284646554,0.9318911749321455,0.936676079857898,0.9958720330237358,0.9979317476732161,0.996900826446281,0.9318181818181818,0.845360824742268,0.8864864864864865,0.9022556390977443,0.9523809523809523,0.9266409266409267
13,LinearSVC,combined,drop_exact_duplicates,11151,1190,0.9857142857142858,0.9594364920329522,0.9455353733704249,0.952015511148638,0.995880535530381,1.0,0.9979360165118679,0.9444444444444444,0.8762886597938144,0.9090909090909091,0.937984496124031,0.9603174603174603,0.9490196078431372
14,MultinomialNB,manual_only,drop_exact_duplicates,4759,1190,0.9537815126050421,0.8901252992109696,0.8266710800213289,0.8484968176658154,0.9767206477732794,0.9979317476732161,0.9872122762148338,0.8615384615384616,0.5773195876288659,0.691358024691358,0.8321167883211679,0.9047619047619048,0.8669201520912547
14,MultinomialNB,synthetic_only,drop_exact_duplicates,4759,1190,0.9764705882352941,0.9372931574763882,0.9254940669881128,0.9286482731212645,0.994824016563147,0.9937952430196484,0.9943093636833937,0.9518072289156626,0.8144329896907216,0.8777777777777778,0.8652482269503546,0.9682539682539683,0.9138576779026217
14,MultinomialNB,combined,drop_exact_duplicates,11151,1190,0.9781512605042016,0.9395093035293257,0.923882690506002,0.9296493455484581,0.9948400412796697,0.9968976215098242,0.9958677685950413,0.9404761904761905,0.8144329896907216,0.8729281767955801,0.8832116788321168,0.9603174603174603,0.9201520912547528
14,LogisticRegression,manual_only,drop_exact_duplicates,4759,1190,0.9638655462184874,0.8956581599081644,0.87186281078007,0.8832481968228683,0.9877175025588536,0.9979317476732161,0.992798353909465,0.8202247191011236,0.7525773195876289,0.7849462365591398,0.8790322580645161,0.8650793650793651,0.872
14,LogisticRegression,synthetic_only,drop_exact_duplicates,4759,1190,0.9773109243697479,0.940718672181082,0.9212371878604994,0.9291028159867691,0.9927909371781668,0.9968976215098242,0.9948400412796697,0.9404761904761905,0.8144329896907216,0.8729281767955801,0.8888888888888888,0.9523809523809523,0.9195402298850575
14,LogisticRegression,combined,drop_exact_duplicates,11151,1190,0.9823529411764705,0.9487728453011085,0.9418557445615304,0.9451621668213613,0.9948400412796697,0.9968976215098242,0.9958677685950413,0.9139784946236559,0.8762886597938144,0.8947368421052632,0.9375,0.9523809523809523,0.9448818897637795
14,LinearSVC,manual_only,drop_exact_duplicates,4759,1190,0.9647058823529412,0.8963180757659482,0.8745083134255727,0.8849165253183434,0.9887295081967213,0.9979317476732161,0.993309315491508,0.8202247191011236,0.7525773195876289,0.7849462365591398,0.88,0.873015873015873,0.8764940239043825
14,LinearSVC,synthetic_only,drop_exact_duplicates,4759,1190,0.984873949579832,0.9652126524392508,0.9497922524980383,0.9563578776447175,0.9938144329896907,0.9968976215098242,0.9953536396489416,0.9770114942528736,0.8762886597938144,0.9239130434782609,0.924812030075188,0.9761904761904762,0.9498069498069498
14,LinearSVC,combined,drop_exact_duplicates,11151,1190,0.984873949579832,0.9600568841309581,0.9420989472535864,0.9502806531066911,0.9948559670781894,1.0,0.997421351211965,0.9545454545454546,0.865979381443299,0.9081081081081082,0.9307692307692308,0.9603174603174603,0.9453125
15,MultinomialNB,manual_only,drop_exact_duplicates,4759,1190,0.9521008403361344,0.9028238691959173,0.8159155869206082,0.8449962574198827,0.9689067201604814,0.9989658738366081,0.9837067209775967,0.8813559322033898,0.5360824742268041,0.6666666666666666,0.8582089552238806,0.9126984126984127,0.8846153846153846
15,MultinomialNB,synthetic_only,drop_exact_duplicates,4759,1190,0.9680672268907563,0.9182377289311812,0.8950124466867716,0.9009210643077861,0.9917355371900827,0.9927611168562565,0.9922480620155039,0.9342105263157895,0.7319587628865979,0.8208092485549133,0.8287671232876712,0.9603174603174603,0.8897058823529411
15,MultinomialNB,combined,drop_exact_duplicates,11151,1190,0.9764705882352941,0.9364660287239492,0.9147090443479531,0.9234847392073832,0.992798353909465,0.9979317476732161,0.9953584321815369,0.927710843373494,0.7938144329896907,0.8555555555555555,0.8888888888888888,0.9523809523809523,0.9195402298850575
15,LogisticRegression,manual_only,drop_exact_duplicates,4759,1190,0.9588235294117647,0.8880036335614516,0.8574276888704548,0.8717708454368638,0.9826530612244898,0.9958634953464323,0.9892141756548536,0.8023255813953488,0.711340206185567,0.7540983606557377,0.8790322580645161,0.8650793650793651,0.872
15,LogisticRegression,synthetic_only,drop_exact_duplicates,4759,1190,0.9764705882352941,0.9332163461135362,0.9208924791393688,0.924817349833501,0.9958634953464323,0.9958634953464323,0.9958634953464323,0.9404761904761905,0.8144329896907216,0.8729281767955801,0.8633093525179856,0.9523809523809523,0.9056603773584906
15,LogisticRegression,combined,drop_exact_duplicates,11151,1190,0.9823529411764705,0.9453461595105166,0.9488301028242819,0.947036548343149,0.9968911917098445,0.9948293691830403,0.9958592132505176,0.9166666666666666,0.9072164948453608,0.9119170984455959,0.9224806201550387,0.9444444444444444,0.9333333333333333
15,LinearSVC,manual_only,drop_exact_duplicates,4759,1190,0.9571428571428572,0.8879390423526482,0.8458812722983983,0.8643180855870002,0.9796747967479674,0.9968976215098242,0.9882111737570477,0.810126582278481,0.6597938144329897,0.7272727272727273,0.8740157480314961,0.8809523809523809,0.8774703557312253
15,LinearSVC,synthetic_only,drop_exact_duplicates,4759,1190,0.9798319327731092,0.9445129723284404,0.9346381836067227,0.938574352527841,0.9948347107438017,0.9958634953464323,0.9953488372093023,0.9431818181818182,0.8556701030927835,0.8972972972972973,0.8955223880597015,0.9523809523809523,0.9230769230769231
15,LinearSVC,combined,drop_exact_duplicates,11151,1190,0.9840336134453781,0.948648094240624,0.9464278028708352,0.9474199484681517,0.9979317476732161,0.9979317476732161,0.9979317476732161,0.925531914893617,0.8969072164948454,0.9109947643979057,0.9224806201550387,0.9444444444444444,0.9333333333333333
16,MultinomialNB,manual_only,drop_exact_duplicates,4759,1190,0.9529411764705882,0.8982836352193836,0.821005836469754,0.8520937501203809,0.9699097291875627,1.0,0.984725050916497,0.8529411764705882,0.5979381443298969,0.703030303030303,0.872,0.8650793650793651,0.8685258964143426
16,MultinomialNB,synthetic_only,drop_exact_duplicates,4759,1190,0.9773109243697479,0.9349714846543136,0.9150537530690835,0.9228300382248342,0.9948506694129763,0.9989658738366081,0.9969040247678018,0.927710843373494,0.7938144329896907,0.8555555555555555,0.8823529411764706,0.9523809523809523,0.916030534351145
16,MultinomialNB,combined,drop_exact_duplicates,11151,1190,0.9798319327731092,0.9378950675910835,0.923853160966563,0.9302595861491172,0.995880535530381,1.0,0.9979360165118679,0.9101123595505618,0.8350515463917526,0.8709677419354839,0.9076923076923077,0.9365079365079365,0.921875
16,LogisticRegression,manual_only,drop_exact_duplicates,4759,1190,0.9613445378151261,0.8909045400446206,0.8662990732575695,0.8778721647130013,0.9856996935648621,0.9979317476732161,0.9917780061664954,0.7835051546391752,0.7835051546391752,0.7835051546391752,0.9035087719298246,0.8174603174603174,0.8583333333333333
16,LogisticRegression,synthetic_only,drop_exact_duplicates,4759,1190,0.9764705882352941,0.9221732948941352,0.9170818147619606,0.9190072081367172,0.9979317476732161,0.9979317476732161,0.9979317476732161,0.8888888888888888,0.8247422680412371,0.8556149732620321,0.8796992481203008,0.9285714285714286,0.9034749034749034
16,LogisticRegression,combined,drop_exact_duplicates,11151,1190,0.9823529411764705,0.9404333746657613,0.9412087740694656,0.9402995306649792,0.9979338842975206,0.9989658738366081,0.9984496124031008,0.8737864077669902,0.9278350515463918,0.9,0.9495798319327731,0.8968253968253969,0.9224489795918367
16,LinearSVC,manual_only,drop_exact_duplicates,4759,1190,0.9647058823529412,0.9049612603584091,0.8714885725195004,0.8875346898250482,0.984725050916497,1.0,0.9923037455105183,0.8241758241758241,0.7731958762886598,0.7978723404255319,0.905982905982906,0.8412698412698413,0.8724279835390947
16,LinearSVC,synthetic_only,drop_exact_duplicates,4759,1190,0.984873949579832,0.9487262483664992,0.943680794196258,0.9460265651208125,0.9989669421487604,1.0,0.999483204134367,0.9247311827956989,0.8865979381443299,0.9052631578947369,0.9224806201550387,0.9444444444444444,0.9333333333333333
16,LinearSVC,combined,drop_exact_duplicates,11151,1190,0.9857142857142858,0.952204567487427,0.9494899907271042,0.9506479269886113,0.9979360165118679,1.0,0.9989669421487604,0.9,0.9278350515463918,0.9137055837563451,0.9586776859504132,0.9206349206349206,0.9392712550607287
17,MultinomialNB,manual_only,drop_exact_duplicates,4759,1190,0.946218487394958,0.8599481992967908,0.7935144275350461,0.8174369224219463,0.9728370221327968,1.0,0.9862315145334013,0.78125,0.5154639175257731,0.6211180124223602,0.8257575757575758,0.8650793650793651,0.8449612403100775
17,MultinomialNB,synthetic_only,drop_exact_duplicates,4759,1190,0.9705882352941176,0.9099003678556968,0.9046027780555868,0.9059115744156526,0.994824016563147,0.9937952430196484,0.9943093636833937,0.8735632183908046,0.7835051546391752,0.8260869565217391,0.8613138686131386,0.9365079365079365,0.8973384030418251
17,MultinomialNB,combined,drop_exact_duplicates,11151,1190,0.9764705882352941,0.9273207394007351,0.9193826086863326,0.9225981313003069,0.9958677685950413,0.9968976215098242,0.9963824289405685,0.898876404494382,0.8247422680412371,0.8602150537634409,0.8872180451127819,0.9365079365079365,0.9111969111969112
17,LogisticRegression,manual_only,drop_exact_duplicates,4759,1190,0.9554621848739496,0.873719317382511,0.8445448843640723,0.8585176604177812,0.9826707441386341,0.9968976215098242,0.9897330595482546,0.7419354838709677,0.711340206185567,0.7263157894736842,0.896551724137931,0.8253968253968254,0.859504132231405
17,LogisticRegression,synthetic_only,drop_exact_duplicates,4759,1190,0.9739495798319328,0.9155004388061098,0.9175575590516049,0.9158807096788893,0.9968879668049793,0.9937952430196484,0.9953392024857587,0.8681318681318682,0.8144329896907216,0.8404255319148937,0.8814814814814815,0.9444444444444444,0.9118773946360154
17,LogisticRegression,combined,drop_exact_duplicates,11151,1190,0.980672268907563,0.9368197267027506,0.9412383036089045,0.9387615558336156,0.9968944099378882,0.9958634953464323,0.9963786859803414,0.8627450980392157,0.9072164948453608,0.8844221105527639,0.9508196721311475,0.9206349206349206,0.9354838709677419
17,LinearSVC,manual_only,drop_exact_duplicates,4759,1190,0.9571428571428572,0.8769457893694147,0.8452343018063336,0.860429069875348,0.9837067209775967,0.9989658738366081,0.991277578245254,0.7582417582417582,0.711340206185567,0.7340425531914894,0.8888888888888888,0.8253968253968254,0.8559670781893004
17,LinearSVC,synthetic_only,drop_exact_duplicates,4759,1190,0.9823529411764705,0.9451496436228419,0.9472482558816102,0.9460056715683592,0.9968911917098445,0.9948293691830403,0.9958592132505176,0.9148936170212766,0.8865979381443299,0.900523560209424,0.9236641221374046,0.9603174603174603,0.9416342412451362
17,LinearSVC,combined,drop_exact_duplicates,11151,1190,0.9857142857142858,0.953491935140411,0.9471172203130965,0.950224389665753,0.9979360165118679,1.0,0.9989669421487604,0.925531914893617,0.8969072164948454,0.9109947643979057,0.937007874015748,0.9444444444444444,0.9407114624505929
18,MultinomialNB,manual_only,drop_exact_duplicates,4759,1190,0.9504201680672268,0.8835348407937241,0.8105526051399675,0.8270974790861688,0.9796954314720813,0.9979317476732161,0.9887295081967213,0.8909090909090909,0.5051546391752577,0.6447368421052632,0.78,0.9285714285714286,0.8478260869565217
18,MultinomialNB,synthetic_only,drop_exact_duplicates,4759,1190,0.9680672268907563,0.9138405082388484,0.8988950875538153,0.9011552866562372,0.9948132780082988,0.9917269906928645,0.9932677369238736,0.9358974358974359,0.7525773195876289,0.8342857142857143,0.8108108108108109,0.9523809523809523,0.8759124087591241
18,MultinomialNB,combined,drop_exact_duplicates,11151,1190,0.9705882352941176,0.9170816557180195,0.8968374963214994,0.9023649563184447,0.9948347107438017,0.9958634953464323,0.9953488372093023,0.9230769230769231,0.7422680412371134,0.8228571428571428,0.8333333333333334,0.9523809523809523,0.8888888888888888
18,LogisticRegression,manual_only,drop_exact_duplicates,4759,1190,0.9554621848739496,0.8695220937070675,0.8382174965933854,0.8478877449675403,0.9897330595482546,0.9968976215098242,0.9933024214322514,0.8356164383561644,0.6288659793814433,0.7176470588235294,0.7832167832167832,0.8888888888888888,0.8327137546468402
18,LogisticRegression,synthetic_only,drop_exact_duplicates,4759,1190,0.965546218487395,0.9055915419551783,0.8801015804875121,0.8860833405303561,0.993801652892562,0.9948293691830403,0.9943152454780362,0.918918918918919,0.7010309278350515,0.7953216374269005,0.8040540540540541,0.9444444444444444,0.8686131386861314
18,LogisticRegression,combined,drop_exact_duplicates,11151,1190,0.973109243697479,0.916297932792245,0.9095195450860224,0.9118861542425355,0.9958634953464323,0.9958634953464323,0.9958634953464323,0.8863636363636364,0.8041237113402062,0.8432432432432433,0.8666666666666667,0.9285714285714286,0.896551724137931
18,LinearSVC,manual_only,drop_exact_duplicates,4759,1190,0.957983193277311,0.8752636306593141,0.8469449280012292,0.8555147583142588,0.9907502569373073,0.9968976215098242,0.9938144329896907,0.8378378378378378,0.6391752577319587,0.7251461988304093,0.7972027972027972,0.9047619047619048,0.8475836431226765
18,LinearSVC,synthetic_only,drop_exact_duplicates,4759,1190,0.9773109243697479,0.9322804756206464,0.9227470583135355,0.9246696125995282,0.9979274611398964,0.9958634953464323,0.9968944099378882,0.9397590361445783,0.8041237113402062,0.8666666666666667,0.8591549295774648,0.9682539682539683,0.9104477611940298
18,LinearSVC,combined,drop_exact_duplicates,11151,1190,0.9764705882352941,0.9241858957690322,0.9131991738949169,0.9172239958583898,0.9979338842975206,0.9989658738366081,0.9984496124031008,0.9069767441860465,0.8041237113402062,0.8524590163934426,0.8676470588235294,0.9365079365079365,0.9007633587786259
19,MultinomialNB,manual_only,drop_exact_duplicates,4759,1190,0.9504201680672268,0.8716300637032344,0.8160890694393185,0.834473507557544,0.9806910569105691,0.9979317476732161,0.9892362890825218,0.8484848484848485,0.5773195876288659,0.6871165644171779,0.7857142857142857,0.873015873015873,0.8270676691729323
19,MultinomialNB,synthetic_only,drop_exact_duplicates,4759,1190,0.9680672268907563,0.9101489840126203,0.8904108588380275,0.8957417661293631,0.993801652892562,0.9948293691830403,0.9943152454780362,0.9102564102564102,0.7319587628865979,0.8114285714285714,0.8263888888888888,0.9444444444444444,0.8814814814814815
19,MultinomialNB,combined,drop_exact_duplicates,11151,1190,0.9747899159663865,0.9213656826668654,0.9094180390569478,0.9136360899558352,0.996900826446281,0.9979317476732161,0.9974160206718347,0.9058823529411765,0.7938144329896907,0.8461538461538461,0.8613138686131386,0.9365079365079365,0.8973384030418251
19,LogisticRegression,manual_only,drop_exact_duplicates,4759,1190,0.957983193277311,0.876662943578495,0.8517624453188798,0.8636900478048967,0.9867075664621677,0.9979317476732161,0.9922879177377892,0.797752808988764,0.7319587628865979,0.7634408602150538,0.8455284552845529,0.8253968253968254,0.8353413654618473
19,LogisticRegression,synthetic_only,drop_exact_duplicates,4759,1190,0.9680672268907563,0.9046352773232292,0.8896919118563272,0.8949112335475973,0.9938080495356038,0.9958634953464323,0.9948347107438017,0.8795180722891566,0.7525773195876289,0.8111111111111111,0.8405797101449275,0.9206349206349206,0.8787878787878788
19,LogisticRegression,combined,drop_exact_duplicates,11151,1190,0.9747899159663865,0.9237868374466313,0.9109998859996195,0.9165550081423346,0.9948453608247423,0.9979317476732161,0.996386164171399,0.8977272727272727,0.8144329896907216,0.8540540540540541,0.8787878787878788,0.9206349206349206,0.8992248062015504
19,LinearSVC,manual_only,drop_exact_duplicates,4759,1190,0.9571428571428572,0.8779312174982521,0.8475350957307056,0.8617889930143333,0.9846938775510204,0.9979317476732161,0.9912686183872624,0.8023255813953488,0.711340206185567,0.7540983606557377,0.8467741935483871,0.8333333333333334,0.84
19,LinearSVC,synthetic_only,drop_exact_duplicates,4759,1190,0.9781512605042016,0.9323236447075457,0.9239546669956376,0.9277679173260652,0.9958720330237358,0.9979317476732161,0.996900826446281,0.9010989010989011,0.845360824742268,0.8723404255319149,0.9,0.9285714285714286,0.9140625
19,LinearSVC,combined,drop_exact_duplicates,11151,1190,0.9798319327731092,0.9360061092019855,0.9246440844378988,0.9298396869366323,0.9969072164948454,1.0,0.9984512132163139,0.9111111111111111,0.845360824742268,0.8770053475935828,0.9,0.9285714285714286,0.9140625
20,MultinomialNB,manual_only,drop_exact_duplicates,4759,1190,0.9487394957983193,0.8613264427217916,0.808497270223941,0.8298892137051092,0.9767441860465116,0.9989658738366081,0.9877300613496932,0.7777777777777778,0.5773195876288659,0.6627218934911243,0.8294573643410853,0.8492063492063492,0.8392156862745098
20,MultinomialNB,synthetic_only,drop_exact_duplicates,4759,1190,0.9739495798319328,0.9204776196705765,0.9206492764473126,0.9187617851071784,0.997920997920998,0.9927611168562565,0.995334370139969,0.9195402298850575,0.8247422680412371,0.8695652173913043,0.8439716312056738,0.9444444444444444,0.8913857677902621
20,MultinomialNB,combined,drop_exact_duplicates,11151,1190,0.9756302521008403,0.9256211736376878,0.9151552590981583,0.9185185433892776,0.9968976215098242,0.9968976215098242,0.9968976215098242,0.9176470588235294,0.8041237113402062,0.8571428571428571,0.8623188405797102,0.9444444444444444,0.9015151515151515
20,LogisticRegression,manual_only,drop_exact_duplicates,4759,1190,0.9613445378151261,0.880325420519962,0.8724105315593498,0.8762917199622163,0.9907312049433573,0.9948293691830403,0.9927760577915377,0.7731958762886598,0.7731958762886598,0.7731958762886598,0.8770491803278688,0.8492063492063492,0.8629032258064516
20,LogisticRegression,synthetic_only,drop_exact_duplicates,4759,1190,0.980672268907563,0.9375161236475105,0.9426761975723053,0.9392482840148407,0.998960498960499,0.9937952430196484,0.9963711767755313,0.9230769230769231,0.865979381443299,0.8936170212765957,0.8905109489051095,0.9682539682539683,0.9277566539923955
20,LogisticRegression,combined,drop_exact_duplicates,11151,1190,0.9815126050420168,0.9365751557632399,0.9461846001787793,0.9413280778836768,0.9989615784008308,0.9948293691830403,0.9968911917098445,0.8888888888888888,0.9072164948453608,0.8979591836734694,0.921875,0.9365079365079365,0.9291338582677166
20,LinearSVC,manual_only,drop_exact_duplicates,4759,1190,0.9630252100840336,0.8834600522347099,0.8700082316059032,0.876597576415265,0.9917780061664954,0.9979317476732161,0.9948453608247423,0.7956989247311828,0.7628865979381443,0.7789473684210526,0.8629032258064516,0.8492063492063492,0.856
20,LinearSVC,synthetic_only,drop_exact_duplicates,4759,1190,0.9865546218487395,0.9574339974797641,0.9543643108073433,0.9553549550852827,0.9989648033126294,0.9979317476732161,0.9984480082772892,0.9560439560439561,0.8969072164948454,0.925531914893617,0.9172932330827067,0.9682539682539683,0.9420849420849421
20,LinearSVC,combined,drop_exact_duplicates,11151,1190,0.9831932773109243,0.9421585721187644,0.9414815063009607,0.9418071545841457,0.9989658738366081,0.9989658738366081,0.9989658738366081,0.90625,0.8969072164948454,0.9015544041450777,0.9212598425196851,0.9285714285714286,0.924901185770751
21,MultinomialNB,manual_only,drop_exact_duplicates,4759,1190,0.9487394957983193,0.8837689381866088,0.7982872415862107,0.8222262227141975,0.9708835341365462,1.0,0.9852266938359654,0.8518518518518519,0.4742268041237113,0.609271523178808,0.8285714285714286,0.9206349206349206,0.8721804511278195
21,MultinomialNB,synthetic_only,drop_exact_duplicates,4759,1190,0.973109243697479,0.919176496527395,0.9110294155390584,0.9126912367741826,0.9968911917098445,0.9948293691830403,0.9958592132505176,0.9166666666666666,0.7938144329896907,0.850828729281768,0.8439716312056738,0.9444444444444444,0.8913857677902621
21,MultinomialNB,combined,drop_exact_duplicates,11151,1190,0.9798319327731092,0.9426876645303809,0.9276638253439712,0.9338241116104466,0.9948453608247423,0.9979317476732161,0.996386164171399,0.9302325581395349,0.8247422680412371,0.8743169398907104,0.9029850746268657,0.9603174603174603,0.9307692307692308
21,LogisticRegression,manual_only,drop_exact_duplicates,4759,1190,0.957983193277311,0.8881109046596757,0.847735851472565,0.8649974861739568,0.9806714140386572,0.9968976215098242,0.9887179487179487,0.8076923076923077,0.6494845360824743,0.72,0.875968992248062,0.8968253968253969,0.8862745098039215
21,LogisticRegression,synthetic_only,drop_exact_duplicates,4759,1190,0.9747899159663865,0.9249465905718122,0.9109279095099838,0.9154957502478345,0.9958677685950413,0.9968976215098242,0.9963824289405685,0.9156626506024096,0.7835051546391752,0.8444444444444444,0.8633093525179856,0.9523809523809523,0.9056603773584906
21,LogisticRegression,combined,drop_exact_duplicates,11151,1190,0.9831932773109243,0.9494204618721059,0.9452921706783689,0.9472626263045907,0.9958677685950413,0.9968976215098242,0.9963824289405685,0.9148936170212766,0.8865979381443299,0.900523560209424,0.9375,0.9523809523809523,0.9448818897637795
21,LinearSVC,manual_only,drop_exact_duplicates,4759,1190,0.9563025210084034,0.8857760654720975,0.8392811522962164,0.8570171368144793,0.9796747967479674,0.9968976215098242,0.9882111737570477,0.8194444444444444,0.6082474226804123,0.6982248520710059,0.8582089552238806,0.9126984126984127,0.8846153846153846
21,LinearSVC,synthetic_only,drop_exact_duplicates,4759,1190,0.9840336134453781,0.9559035735506324,0.9440550324568279,0.9490312922131103,0.9958720330237358,0.9979317476732161,0.996900826446281,0.9545454545454546,0.865979381443299,0.9081081081081082,0.9172932330827067,0.9682539682539683,0.9420849420849421
21,LinearSVC,combined,drop_exact_duplicates,11151,1190,0.9873949579831933,0.9638031730910989,0.9547090195284739,0.9588635997303792,0.9969040247678018,0.9989658738366081,0.9979338842975206,0.9560439560439561,0.8969072164948454,0.925531914893617,0.9384615384615385,0.9682539682539683,0.953125
22,MultinomialNB,manual_only,drop_exact_duplicates,4759,1190,0.9521008403361344,0.8941546226722051,0.8206611277486234,0.8491435535587021,0.971830985915493,0.9989658738366081,0.9852116267210607,0.8656716417910447,0.5979381443298969,0.7073170731707317,0.8449612403100775,0.8650793650793651,0.8549019607843137
22,MultinomialNB,synthetic_only,drop_exact_duplicates,4759,1190,0.9714285714285714,0.9143749081412308,0.9034376163236811,0.907458358353406,0.9948347107438017,0.9958634953464323,0.9953488372093023,0.8953488372093024,0.7938144329896907,0.8415300546448088,0.8529411764705882,0.9206349206349206,0.8854961832061069
22,MultinomialNB,combined,drop_exact_duplicates,11151,1190,0.9773109243697479,0.9307826763126447,0.9205182408787991,0.9249484375226037,0.9958720330237358,0.9979317476732161,0.996900826446281,0.9101123595505618,0.8350515463917526,0.8709677419354839,0.8863636363636364,0.9285714285714286,0.9069767441860465
22,LogisticRegression,manual_only,drop_exact_duplicates,4759,1190,0.9621848739495799,0.9001755819642777,0.8641990350750572,0.8810054389189812,0.9826883910386965,0.9979317476732161,0.9902514109799897,0.8235294117647058,0.7216494845360825,0.7692307692307693,0.8943089430894309,0.873015873015873,0.8835341365461847
22,LogisticRegression,synthetic_only,drop_exact_duplicates,4759,1190,0.9714285714285714,0.9121525204201574,0.8972541815322654,0.9031502924120374,0.9948453608247423,0.9979317476732161,0.996386164171399,0.8823529411764706,0.7731958762886598,0.8241758241758241,0.8592592592592593,0.9206349206349206,0.8888888888888888
22,LogisticRegression,combined,drop_exact_duplicates,11151,1190,0.980672268907563,0.9371662548635369,0.9350548688174888,0.9361055825535954,0.996900826446281,0.9979317476732161,0.9974160206718347,0.8865979381443299,0.8865979381443299,0.8865979381443299,0.928,0.9206349206349206,0.9243027888446215
22,LinearSVC,manual_only,drop_exact_duplicates,4759,1190,0.9647058823529412,0.9087513821506171,0.8698347490871932,0.887429790720692,0.9837067209775967,0.9989658738366081,0.991277578245254,0.8536585365853658,0.7216494845360825,0.7821229050279329,0.8888888888888888,0.8888888888888888,0.8888888888888888
22,LinearSVC,synthetic_only,drop_exact_duplicates,4759,1190,0.9815126050420168,0.9458674376406515,0.9361185245203197,0.9404555290939735,0.9958720330237358,0.9979317476732161,0.996900826446281,0.9333333333333333,0.865979381443299,0.8983957219251337,0.9083969465648855,0.9444444444444444,0.9260700389105059
22,LinearSVC,combined,drop_exact_duplicates,11151,1190,0.9857142857142858,0.9556278586109689,0.9471172203130965,0.9512968073528881,0.9969072164948454,1.0,0.9984512132163139,0.925531914893617,0.8969072164948454,0.9109947643979057,0.9444444444444444,0.9444444444444444,0.9444444444444444
23,MultinomialNB,manual_only,drop_exact_duplicates,4759,1190,0.9529411764705882,0.8862426840529031,0.8178421425844107,0.8408543022253482,0.9767676767676767,1.0,0.9882473173224323,0.8571428571428571,0.5567010309278351,0.675,0.8248175182481752,0.8968253968253969,0.8593155893536122
23,MultinomialNB,synthetic_only,drop_exact_duplicates,4759,1190,0.9689075630252101,0.9152662382476047,0.8976579493322743,0.901046516776934,0.9937888198757764,0.9927611168562565,0.9932747025349198,0.922077922077922,0.7319587628865979,0.8160919540229885,0.8299319727891157,0.9682539682539683,0.8937728937728938
23,MultinomialNB,combined,drop_exact_duplicates,11151,1190,0.9773109243697479,0.9385487764830476,0.913471906126412,0.9221566617077452,0.9948506694129763,0.9989658738366081,0.9969040247678018,0.9493670886075949,0.7731958762886598,0.8522727272727273,0.8714285714285714,0.9682539682539683,0.9172932330827067
23,LogisticRegression,manual_only,drop_exact_duplicates,4759,1190,0.9596638655462185,0.9004709137305186,0.8546806801958775,0.8756773468883758,0.9787018255578094,0.9979317476732161,0.9882232462877624,0.8292682926829268,0.7010309278350515,0.7597765363128491,0.8934426229508197,0.8650793650793651,0.8790322580645161
23,LogisticRegression,synthetic_only,drop_exact_duplicates,4759,1190,0.9747899159663865,0.9374215560610214,0.9132287034343559,0.921924219617436,0.9917610710607621,0.9958634953464323,0.9938080495356038,0.95,0.7835051546391752,0.8587570621468926,0.8705035971223022,0.9603174603174603,0.9132075471698113
23,LogisticRegression,combined,drop_exact_duplicates,11151,1190,0.9831932773109243,0.9552882877265519,0.944501247207033,0.9495428555470049,0.9938144329896907,0.9968976215098242,0.9953536396489416,0.9340659340659341,0.8762886597938144,0.9042553191489362,0.937984496124031,0.9603174603174603,0.9490196078431372
23,LinearSVC,manual_only,drop_exact_duplicates,4759,1190,0.9621848739495799,0.9062368866328256,0.8603163942080135,0.8808592772253273,0.9807106598984772,0.9989658738366081,0.9897540983606558,0.85,0.7010309278350515,0.768361581920904,0.888,0.8809523809523809,0.8844621513944223
23,LinearSVC,synthetic_only,drop_exact_duplicates,4759,1190,0.9823529411764705,0.9545533413510471,0.9402738976188587,0.9459458313715984,0.9948400412796697,0.9968976215098242,0.9958677685950413,0.9651162790697675,0.8556701030927835,0.907103825136612,0.9037037037037037,0.9682539682539683,0.9348659003831418
23,LinearSVC,combined,drop_exact_duplicates,11151,1190,0.9873949579831933,0.9689450445816187,0.9524082256041019,0.9602195133820787,0.9948559670781894,1.0,0.997421351211965,0.9666666666666667,0.8969072164948454,0.93048128342246,0.9453125,0.9603174603174603,0.952755905511811
24,MultinomialNB,manual_only,drop_exact_duplicates,4759,1190,0.9428571428571428,0.8686728657271691,0.7829324169530355,0.8141355410613809,0.9660339660339661,1.0,0.9827235772357723,0.819672131147541,0.5154639175257731,0.6329113924050633,0.8203125,0.8333333333333334,0.8267716535433071
24,MultinomialNB,synthetic_only,drop_exact_duplicates,4759,1190,0.9672268907563025,0.9108718071951379,0.8885562796638607,0.8969955526616736,0.9897119341563786,0.9948293691830403,0.9922640536358948,0.8888888888888888,0.7422680412371134,0.8089887640449438,0.8540145985401459,0.9285714285714286,0.8897338403041825
24,MultinomialNB,combined,drop_exact_duplicates,11151,1190,0.973109243697479,0.9301841301290059,0.8994534694275629,0.9123320789746506,0.9897540983606558,0.9989658738366081,0.9943386515697376,0.9135802469135802,0.7628865979381443,0.8314606741573034,0.8872180451127819,0.9365079365079365,0.9111969111969112
24,LogisticRegression,manual_only,drop_exact_duplicates,4759,1190,0.9588235294117647,0.8984579909775207,0.8513162305686747,0.8734913846469491,0.9777327935222672,0.9989658738366081,0.9882352941176471,0.8045977011494253,0.7216494845360825,0.7608695652173914,0.9130434782608695,0.8333333333333334,0.8713692946058091
24,LogisticRegression,synthetic_only,drop_exact_duplicates,4759,1190,0.9747899159663865,0.9249854777896659,0.9102089625282836,0.9162817268549471,0.9948453608247423,0.9979317476732161,0.996386164171399,0.9069767441860465,0.8041237113402062,0.8524590163934426,0.8731343283582089,0.9285714285714286,0.9
24,LogisticRegression,combined,drop_exact_duplicates,11151,1190,0.9823529411764705,0.9493844269267013,0.9380450801841222,0.9435795370779892,0.9948506694129763,0.9989658738366081,0.9969040247678018,0.9247311827956989,0.8865979381443299,0.9052631578947369,0.9285714285714286,0.9285714285714286,0.9285714285714286
24,LinearSVC,manual_only,drop_exact_duplicates,4759,1190,0.9563025210084034,0.8866059094897613,0.8386341818041516,0.8600045904283365,0.9787234042553191,0.9989658738366081,0.9887410440122825,0.810126582278481,0.6597938144329897,0.7272727272727273,0.8709677419354839,0.8571428571428571,0.864
24,LinearSVC,synthetic_only,drop_exact_duplicates,4759,1190,0.9815126050420168,0.9498782522613145,0.9361185245203197,0.9425336960940677,0.9938208032955715,0.9979317476732161,0.9958720330237358,0.9333333333333333,0.865979381443299,0.8983957219251337,0.9224806201550387,0.9444444444444444,0.9333333333333333
24,LinearSVC,combined,drop_exact_duplicates,11151,1190,0.9857142857142858,0.9596761541909458,0.9494180142374686,0.9543118330308523,0.9958762886597938,0.9989658738366081,0.9974186886938565,0.9456521739130435,0.8969072164948454,0.9206349206349206,0.9375,0.9523809523809523,0.9448818897637795
25,MultinomialNB,manual_only,drop_exact_duplicates,4759,1190,0.9495798319327731,0.8928894233619885,0.8087700024554362,0.8383526377353445,0.9689067201604814,0.9989658738366081,0.9837067209775967,0.8688524590163934,0.5463917525773195,0.6708860759493671,0.8409090909090909,0.8809523809523809,0.8604651162790697
25,MultinomialNB,synthetic_only,drop_exact_duplicates,4759,1190,0.9647058823529412,0.9104741231035668,0.8859403065577972,0.8927266055133202,0.9896800825593395,0.9917269906928645,0.9907024793388429,0.9210526315789473,0.7216494845360825,0.8092485549132948,0.8206896551724138,0.9444444444444444,0.8782287822878229
25,MultinomialNB,combined,drop_exact_duplicates,11151,1190,0.9672268907563025,0.9129978290573136,0.8908570735882329,0.89811100511651,0.9907216494845361,0.9937952430196484,0.9922560660815695,0.9113924050632911,0.7422680412371134,0.8181818181818182,0.8368794326241135,0.9365079365079365,0.8838951310861424
25,LogisticRegression,manual_only,drop_exact_duplicates,4759,1190,0.9546218487394958,0.8910815876333117,0.839526611304562,0.863498741969746,0.9737373737373738,0.9968976215098242,0.9851814001021972,0.7857142857142857,0.6804123711340206,0.7292817679558011,0.9137931034482759,0.8412698412698413,0.8760330578512396
25,LogisticRegression,synthetic_only,drop_exact_duplicates,4759,1190,0.9672268907563025,0.9146426525103295,0.8916479970595687,0.8998738970113823,0.9897013388259527,0.9937952430196484,0.9917440660474717,0.9125,0.7525773195876289,0.8248587570621468,0.841726618705036,0.9285714285714286,0.8830188679245283
25,LogisticRegression,combined,drop_exact_duplicates,11151,1190,0.9747899159663865,0.9265920192638459,0.9218568851294147,0.9242115026668757,0.9927760577915377,0.9948293691830403,0.993801652892562,0.875,0.865979381443299,0.8704663212435233,0.912,0.9047619047619048,0.9083665338645418
25,LinearSVC,manual_only,drop_exact_duplicates,4759,1190,0.9554621848739496,0.8916559644647521,0.8413811904787288,0.8645249026253633,0.974721941354904,0.9968976215098242,0.9856850715746421,0.7926829268292683,0.6701030927835051,0.7262569832402235,0.907563025210084,0.8571428571428571,0.8816326530612245
25,LinearSVC,synthetic_only,drop_exact_duplicates,4759,1190,0.9773109243697479,0.9423418209876543,0.9267016756702148,0.9340852968100508,0.9907407407407407,0.9958634953464323,0.9932955131511089,0.9222222222222223,0.8556701030927835,0.8877005347593583,0.9140625,0.9285714285714286,0.9212598425196851
25,LinearSVC,combined,drop_exact_duplicates,11151,1190,0.9815126050420168,0.945199232758485,0.9353995775386195,0.9402457860337118,0.9948506694129763,0.9989658738366081,0.9969040247678018,0.9052631578947369,0.8865979381443299,0.8958333333333334,0.9354838709677419,0.9206349206349206,0.928
26,MultinomialNB,manual_only,drop_exact_duplicates,4759,1190,0.9445378151260504,0.8825378361543281,0.7803141875306823,0.7976067526072429,0.973816717019134,1.0,0.986734693877551,0.9090909090909091,0.41237113402061853,0.5673758865248227,0.7647058823529411,0.9285714285714286,0.8387096774193549
26,MultinomialNB,synthetic_only,drop_exact_duplicates,4759,1190,0.9747899159663865,0.9268504892212235,0.9101369860386481,0.9146611671388575,0.9968976215098242,0.9968976215098242,0.9968976215098242,0.9375,0.7731958762886598,0.847457627118644,0.8461538461538461,0.9603174603174603,0.8996282527881041
26,MultinomialNB,combined,drop_exact_duplicates,11151,1190,0.9764705882352941,0.9331382560669098,0.9131271974052814,0.9189173149901947,0.996900826446281,0.9979317476732161,0.9974160206718347,0.9493670886075949,0.7731958762886598,0.8522727272727273,0.8531468531468531,0.9682539682539683,0.9070631970260223
26,LogisticRegression,manual_only,drop_exact_duplicates,4759,1190,0.9529411764705882,0.86214764574129,0.8341636295239212,0.8467054028318403,0.9836567926455567,0.9958634953464323,0.9897225077081192,0.7590361445783133,0.6494845360824743,0.7,0.84375,0.8571428571428571,0.8503937007874016
26,LogisticRegression,synthetic_only,drop_exact_duplicates,4759,1190,0.9705882352941176,0.9155695135706751,0.8960465728501635,0.9005537772407873,0.9958634953464323,0.9958634953464323,0.9958634953464323,0.922077922077922,0.7319587628865979,0.8160919540229885,0.8287671232876712,0.9603174603174603,0.8897058823529411
26,LogisticRegression,combined,drop_exact_duplicates,11151,1190,0.9823529411764705,0.9481394461202312,0.9433656150145665,0.9448234642716987,0.9968944099378882,0.9958634953464323,0.9963786859803414,0.9438202247191011,0.865979381443299,0.9032258064516129,0.9037037037037037,0.9682539682539683,0.9348659003831418
26,LinearSVC,manual_only,drop_exact_duplicates,4759,1190,0.9521008403361344,0.8669779906301088,0.824543768615667,0.8422093025265438,0.9806910569105691,0.9979317476732161,0.9892362890825218,0.7894736842105263,0.6185567010309279,0.6936416184971098,0.8307692307692308,0.8571428571428571,0.84375
26,LinearSVC,synthetic_only,drop_exact_duplicates,4759,1190,0.9823529411764705,0.9473103562237829,0.9371821802231509,0.9406210883511966,0.9979317476732161,0.9979317476732161,0.9979317476732161,0.9534883720930233,0.845360824742268,0.8961748633879781,0.8905109489051095,0.9682539682539683,0.9277566539923955
26,LinearSVC,combined,drop_exact_duplicates,11151,1190,0.9865546218487395,0.9588795333680245,0.9527824638646716,0.9546439375641306,0.9989648033126294,0.9979317476732161,0.9984480082772892,0.9659090909090909,0.8762886597938144,0.918918918918919,0.9117647058823529,0.9841269841269841,0.9465648854961832
27,MultinomialNB,manual_only,drop_exact_duplicates,4759,1190,0.946218487394958,0.8561797605898276,0.7974690448917253,0.8227386819179753,0.9728370221327968,1.0,0.9862315145334013,0.7432432432432432,0.5670103092783505,0.6432748538011696,0.8524590163934426,0.8253968253968254,0.8387096774193549
27,MultinomialNB,synthetic_only,drop_exact_duplicates,4759,1190,0.965546218487395,0.8950026837040777,0.8956321439556868,0.8935903114547886,0.9958419958419958,0.9906928645294726,0.993260756868844,0.8735632183908046,0.7835051546391752,0.8260869565217391,0.8156028368794326,0.9126984126984127,0.8614232209737828
27,MultinomialNB,combined,drop_exact_duplicates,11151,1190,0.9747899159663865,0.9176529924247658,0.915673450337999,0.9165513373413817,0.9968976215098242,0.9968976215098242,0.9968976215098242,0.8723404255319149,0.845360824742268,0.8586387434554974,0.8837209302325582,0.9047619047619048,0.8941176470588236
27,LogisticRegression,manual_only,drop_exact_duplicates,4759,1190,0.9571428571428572,0.8828621288863877,0.8561632774257641,0.8670793791522701,0.9836734693877551,0.9968976215098242,0.9902413970210581,0.7403846153846154,0.7938144329896907,0.7661691542288557,0.9245283018867925,0.7777777777777778,0.8448275862068966
27,LogisticRegression,synthetic_only,drop_exact_duplicates,4759,1190,0.9739495798319328,0.9236211716874844,0.9122370242211605,0.917722889724505,0.9927909371781668,0.9968976215098242,0.9948400412796697,0.8804347826086957,0.8350515463917526,0.8571428571428571,0.8976377952755905,0.9047619047619048,0.9011857707509882
27,LogisticRegression,combined,drop_exact_duplicates,11151,1190,0.9747899159663865,0.9230516925740533,0.9188371442233424,0.9204381973171459,0.9938144329896907,0.9968976215098242,0.9953536396489416,0.8431372549019608,0.8865979381443299,0.864321608040201,0.9322033898305084,0.873015873015873,0.9016393442622951
27,LinearSVC,manual_only,drop_exact_duplicates,4759,1190,0.9571428571428572,0.8769903928807241,0.8530715600300564,0.8631282812577776,0.9856996935648621,0.9979317476732161,0.9917780061664954,0.7378640776699029,0.7835051546391752,0.76,0.9074074074074074,0.7777777777777778,0.8376068376068376
27,LinearSVC,synthetic_only,drop_exact_duplicates,4759,1190,0.9764705882352941,0.9270452278017958,0.9202455086473039,0.9236174951383074,0.9948453608247423,0.9979317476732161,0.996386164171399,0.875,0.865979381443299,0.8704663212435233,0.9112903225806451,0.8968253968253969,0.904
27,LinearSVC,combined,drop_exact_duplicates,11151,1190,0.9815126050420168,0.9442036897063352,0.9338897070855833,0.9388527706041133,0.9948559670781894,1.0,0.997421351211965,0.8877551020408163,0.8969072164948454,0.8923076923076924,0.95,0.9047619047619048,0.926829268292683
28,MultinomialNB,manual_only,drop_exact_duplicates,4759,1190,0.9470588235294117,0.8785148013700544,0.794578083237877,0.8210211687847297,0.9699097291875627,1.0,0.984725050916497,0.8421052631578947,0.4948453608247423,0.6233766233766234,0.8235294117647058,0.8888888888888888,0.8549618320610687
28,MultinomialNB,synthetic_only,drop_exact_duplicates,4759,1190,0.9663865546218487,0.9114209055233221,0.8928131587914742,0.8980515509261079,0.9907024793388429,0.9917269906928645,0.9912144702842377,0.9113924050632911,0.7422680412371134,0.8181818181818182,0.8321678321678322,0.9444444444444444,0.8847583643122676
28,MultinomialNB,combined,drop_exact_duplicates,11151,1190,0.9722689075630252,0.9182230264246075,0.905292195497848,0.9096890788911861,0.9948347107438017,0.9958634953464323,0.9953488372093023,0.9047619047619048,0.7835051546391752,0.8397790055248618,0.855072463768116,0.9365079365079365,0.8939393939393939
28,LogisticRegression,manual_only,drop_exact_duplicates,4759,1190,0.9613445378151261,0.8989405254171038,0.8646452498252625,0.8809905576903038,0.9816700610997964,0.9968976215098242,0.9892252437147255,0.8068181818181818,0.7319587628865979,0.7675675675675676,0.9083333333333333,0.8650793650793651,0.8861788617886179
28,LogisticRegression,synthetic_only,drop_exact_duplicates,4759,1190,0.9747899159663865,0.9336539573933594,0.9117188329813196,0.9205866409526312,0.9917695473251029,0.9968976215098242,0.9943269726663229,0.927710843373494,0.7938144329896907,0.8555555555555555,0.8814814814814815,0.9444444444444444,0.9118773946360154
28,LogisticRegression,combined,drop_exact_duplicates,11151,1190,0.9781512605042016,0.9381359861515874,0.9278373078626813,0.9329079939855841,0.9927909371781668,0.9968976215098242,0.9948400412796697,0.8936170212765957,0.865979381443299,0.8795811518324608,0.928,0.9206349206349206,0.9243027888446215
28,LinearSVC,manual_only,drop_exact_duplicates,4759,1190,0.9605042016806723,0.896600527605388,0.8565352593700443,0.8745016531533385,0.9816887080366226,0.9979317476732161,0.9897435897435898,0.8271604938271605,0.6907216494845361,0.7528089887640449,0.8809523809523809,0.8809523809523809,0.8809523809523809
28,LinearSVC,synthetic_only,drop_exact_duplicates,4759,1190,0.9831932773109243,0.9591945893602243,0.9391087358869532,0.948386955785379,0.9928057553956835,0.9989658738366081,0.9958762886597938,0.9545454545454546,0.865979381443299,0.9081081081081082,0.9302325581395349,0.9523809523809523,0.9411764705882353
28,LinearSVC,combined,drop_exact_duplicates,11151,1190,0.9831932773109243,0.954186114429842,0.9406905828296249,0.947297364472063,0.9938271604938271,0.9989658738366081,0.9963898916967509,0.9247311827956989,0.8865979381443299,0.9052631578947369,0.944,0.9365079365079365,0.9402390438247012
29,MultinomialNB,manual_only,drop_exact_duplicates,4759,1190,0.9504201680672268,0.8765400084549021,0.808323787705231,0.8282995740927189,0.9797365754812564,1.0,0.9897645854657113,0.8666666666666667,0.5360824742268041,0.6624203821656051,0.7832167832167832,0.8888888888888888,0.8327137546468402
29,MultinomialNB,synthetic_only,drop_exact_duplicates,4759,1190,0.9672268907563025,0.9169291999049847,0.8915760205699331,0.8971581890495514,0.9927611168562565,0.9927611168562565,0.9927611168562565,0.9459459459459459,0.7216494845360825,0.8187134502923976,0.8120805369127517,0.9603174603174603,0.88
29,MultinomialNB,combined,drop_exact_duplicates,11151,1190,0.9705882352941176,0.9183065083602328,0.8945367023971272,0.9020901613328739,0.9938144329896907,0.9968976215098242,0.9953536396489416,0.9230769230769231,0.7422680412371134,0.8228571428571428,0.8380281690140845,0.9444444444444444,0.8880597014925373
29,LogisticRegression,manual_only,drop_exact_duplicates,4759,1190,0.9630252100840336,0.8957140249555137,0.880002330774727,0.8874753014363318,0.987667009249743,0.9937952430196484,0.9907216494845361,0.8333333333333334,0.7731958762886598,0.8021390374331551,0.8661417322834646,0.873015873015873,0.8695652173913043
29,LogisticRegression,synthetic_only,drop_exact_duplicates,4759,1190,0.9705882352941176,0.9141476880607317,0.9046027780555868,0.9071021381070125,0.994824016563147,0.9937952430196484,0.9943093636833937,0.9047619047619048,0.7835051546391752,0.8397790055248618,0.8428571428571429,0.9365079365079365,0.8872180451127819
29,LogisticRegression,combined,drop_exact_duplicates,11151,1190,0.9781512605042016,0.9296530555948032,0.9432958948412203,0.936200117449676,0.9968814968814969,0.9917269906928645,0.9942975635044065,0.8640776699029126,0.9175257731958762,0.89,0.928,0.9206349206349206,0.9243027888446215
29,LinearSVC,manual_only,drop_exact_duplicates,4759,1190,0.9663865546218487,0.9013036244105823,0.8851918300366578,0.8923402570482267,0.9907407407407407,0.9958634953464323,0.9932955131511089,0.8505747126436781,0.7628865979381443,0.8043478260869565,0.8625954198473282,0.8968253968253969,0.8793774319066148
29,LinearSVC,synthetic_only,drop_exact_duplicates,4759,1190,0.9815126050420168,0.9475211929628736,0.9415110358403996,0.9438651103594227,0.9958634953464323,0.9958634953464323,0.9958634953464323,0.9444444444444444,0.8762886597938144,0.9090909090909091,0.9022556390977443,0.9523809523809523,0.9266409266409267
29,LinearSVC,combined,drop_exact_duplicates,11151,1190,0.9857142857142858,0.9567513555129654,0.9509998611801403,0.9538417180462635,0.9969040247678018,0.9989658738366081,0.9979338842975206,0.9368421052631579,0.9175257731958762,0.9270833333333334,0.9365079365079365,0.9365079365079365,0.9365079365079365
30,MultinomialNB,manual_only,drop_exact_duplicates,4759,1190,0.9521008403361344,0.8883350272622215,0.81749743386328,0.8445202256809367,0.9708542713567839,0.9989658738366081,0.9847094801223242,0.8181818181818182,0.5567010309278351,0.6625766871165644,0.875968992248062,0.8968253968253969,0.8862745098039215
30,MultinomialNB,synthetic_only,drop_exact_duplicates,4759,1190,0.9714285714285714,0.9271682446088194,0.9072482807010894,0.9154654050100527,0.9886831275720165,0.9937952430196484,0.9912325941206808,0.9047619047619048,0.7835051546391752,0.8397790055248618,0.8880597014925373,0.9444444444444444,0.9153846153846154
30,MultinomialNB,combined,drop_exact_duplicates,11151,1190,0.9764705882352941,0.9405699557528937,0.9224743260820404,0.9309617017859466,0.9897225077081192,0.9958634953464323,0.9927835051546392,0.9101123595505618,0.8350515463917526,0.8709677419354839,0.921875,0.9365079365079365,0.9291338582677166
30,LogisticRegression,manual_only,drop_exact_duplicates,4759,1190,0.9571428571428572,0.8861024696055245,0.8537185305221212,0.8692385854166096,0.9806517311608961,0.9958634953464323,0.9881990764494613,0.7802197802197802,0.7319587628865979,0.7553191489361702,0.8974358974358975,0.8333333333333334,0.8641975308641975
30,LogisticRegression,synthetic_only,drop_exact_duplicates,4759,1190,0.9747899159663865,0.9363635058831786,0.9156014738483634,0.9248198070133021,0.9897225077081192,0.9958634953464323,0.9927835051546392,0.9186046511627907,0.8144329896907216,0.8633879781420765,0.9007633587786259,0.9365079365079365,0.9182879377431906
30,LogisticRegression,combined,drop_exact_duplicates,11151,1190,0.9798319327731092,0.9463277644276614,0.9385928009634018,0.9422421942675231,0.9917610710607621,0.9958634953464323,0.9938080495356038,0.8888888888888888,0.9072164948453608,0.8979591836734694,0.9583333333333334,0.9126984126984127,0.9349593495934959
30,LinearSVC,manual_only,drop_exact_duplicates,4759,1190,0.9588235294117647,0.8910636056086864,0.8536170244930467,0.8714508148882091,0.9806910569105691,0.9979317476732161,0.9892362890825218,0.7865168539325843,0.7216494845360825,0.7526881720430108,0.905982905982906,0.8412698412698413,0.8724279835390947
30,LinearSVC,synthetic_only,drop_exact_duplicates,4759,1190,0.980672268907563,0.9557330729916518,0.9349828923278535,0.944797380167445,0.9897330595482546,0.9968976215098242,0.9933024214322514,0.9325842696629213,0.8556701030927835,0.8924731182795699,0.9448818897637795,0.9523809523809523,0.9486166007905138
30,LinearSVC,combined,drop_exact_duplicates,11151,1190,0.984873949579832,0.9571957166246294,0.943680794196258,0.9502972268071477,0.9948559670781894,1.0,0.997421351211965,0.9247311827956989,0.8865979381443299,0.9052631578947369,0.952,0.9444444444444444,0.9482071713147411
