seed,model_name,experiment_id,duplicate_mode,n_train,n_test,accuracy,macro_precision,macro_recall,macro_f1,ham_precision,ham_recall,ham_f1,spam_precision,spam_recall,spam_f1,smishing_precision,smishing_recall,smishing_f1
1,MultinomialNB,manual_only,overlap_aware,4759,1190,0.9512605042016806,0.8814261560178075,0.8108973138610981,0.8293558550558767,0.9777327935222672,0.9989658738366081,0.9882352941176471,0.8596491228070176,0.5051546391752577,0.6363636363636364,0.8068965517241379,0.9285714285714286,0.8634686346863468
1,MultinomialNB,synthetic_only,overlap_aware,3057,1190,0.16638655462184873,0.12046334928380044,0.5862924780450554,0.1970028700287003,0.0,0.0,0.0,0.11033519553072625,0.8144329896907216,0.1943419434194342,0.2510548523206751,0.9444444444444444,0.39666666666666667
1,MultinomialNB,combined,overlap_aware,7816,1190,0.9747899159663865,0.9280436917034857,0.9070452686429403,0.91410626411734,0.9948453608247423,0.9979317476732161,0.996386164171399,0.925,0.7628865979381443,0.8361581920903954,0.8642857142857143,0.9603174603174603,0.9097744360902256
1,LogisticRegression,manual_only,overlap_aware,4759,1190,0.9630252100840336,0.8963918595841612,0.8699362551162677,0.8820016918587932,0.9866939611054247,0.9968976215098242,0.9917695473251029,0.8352941176470589,0.7319587628865979,0.7802197802197802,0.8671875,0.8809523809523809,0.8740157480314961
1,LogisticRegression,synthetic_only,overlap_aware,3057,1190,0.16218487394957984,0.28691353691353694,0.5667375770468553,0.3322531837094944,0.0,0.0,0.0,0.06853281853281853,0.7319587628865979,0.12533097969991175,0.7922077922077922,0.9682539682539683,0.8714285714285714
1,LogisticRegression,combined,overlap_aware,7816,1190,0.9815126050420168,0.9413653812386338,0.9415110358403996,0.9410020786832382,0.9979274611398964,0.9958634953464323,0.9968944099378882,0.9239130434782609,0.8762886597938144,0.8994708994708994,0.9022556390977443,0.9523809523809523,0.9266409266409267
1,LinearSVC,manual_only,overlap_aware,4759,1190,0.9638655462184874,0.9037020731269555,0.8702089873477629,0.8840059336203295,0.9856850715746421,0.9968976215098242,0.9912596401028277,0.8607594936708861,0.7010309278350515,0.7727272727272727,0.8646616541353384,0.9126984126984127,0.888030888030888
1,LinearSVC,synthetic_only,overlap_aware,3057,1190,0.16806722689075632,0.22325251971382318,0.590001636393389,0.29308389708072274,0.0,0.0,0.0,0.07841140529531568,0.7938144329896907,0.14272474513438368,0.5913461538461539,0.9761904761904762,0.7365269461077845
1,LinearSVC,combined,overlap_aware,7816,1190,0.9890756302521009,0.9627799736495389,0.960790948290815,0.9613959909119059,1.0,0.9989658738366081,0.999482669425763,0.9565217391304348,0.9072164948453608,0.9312169312169312,0.9318181818181818,0.9761904761904762,0.9534883720930233
2,MultinomialNB,manual_only,overlap_aware,4759,1190,0.9495798319327731,0.8760233475131379,0.8064692085310642,0.8337111248806347,0.9708835341365462,1.0,0.9852266938359654,0.7910447761194029,0.5463917525773195,0.6463414634146342,0.8661417322834646,0.873015873015873,0.8695652173913043
2,MultinomialNB,synthetic_only,overlap_aware,3057,1190,0.1638655462184874,0.11685618396955261,0.5783559701085474,0.1919888526373029,0.0,0.0,0.0,0.112375533428165,0.8144329896907216,0.1975,0.23819301848049282,0.9206349206349206,0.37846655791190864
2,MultinomialNB,combined,overlap_aware,7816,1190,0.9714285714285714,0.9171755691262878,0.8941624641365576,0.9040891930167708,0.9917864476386037,0.9989658738366081,0.9953632148377125,0.8809523809523809,0.7628865979381443,0.8176795580110497,0.8787878787878788,0.9206349206349206,0.8992248062015504
2,LogisticRegression,manual_only,overlap_aware,4759,1190,0.9605042016806723,0.9052068413514197,0.8519336715213003,0.8766037011102209,0.9767676767676767,1.0,0.9882473173224323,0.8072289156626506,0.6907216494845361,0.7444444444444445,0.9316239316239316,0.8650793650793651,0.897119341563786
2,LogisticRegression,synthetic_only,overlap_aware,3057,1190,0.16302521008403362,0.28640074614196037,0.5741286205203732,0.3287447409064281,0.0,0.0,0.0,0.07396733909702209,0.7938144329896907,0.13532513181019332,0.785234899328859,0.9285714285714286,0.850909090909091
2,LogisticRegression,combined,overlap_aware,7816,1190,0.9789915966386554,0.940993222813054,0.925090299188104,0.9328286519370979,0.9928057553956835,0.9989658738366081,0.9958762886597938,0.9021739130434783,0.8556701030927835,0.8783068783068783,0.928,0.9206349206349206,0.9243027888446215
2,LinearSVC,manual_only,overlap_aware,4759,1190,0.9588235294117647,0.9034451923931396,0.8434789723449517,0.870053914355935,0.9747983870967742,1.0,0.9872383869321082,0.8181818181818182,0.6494845360824743,0.7241379310344828,0.9173553719008265,0.8809523809523809,0.8987854251012146
2,LinearSVC,synthetic_only,overlap_aware,3057,1190,0.16974789915966387,0.22748395132700971,0.601620029455081,0.2941761409461565,0.0,0.0,0.0,0.08551307847082495,0.8762886597938144,0.15582034830430797,0.5969387755102041,0.9285714285714286,0.7267080745341615
2,LinearSVC,combined,overlap_aware,7816,1190,0.984873949579832,0.9554286125603775,0.9490733055163378,0.9521707305449002,0.9958720330237358,0.9979317476732161,0.996900826446281,0.925531914893617,0.8969072164948454,0.9109947643979057,0.9448818897637795,0.9523809523809523,0.9486166007905138
3,MultinomialNB,manual_only,overlap_aware,4759,1190,0.9504201680672268,0.9165456914200633,0.8019963999345442,0.8250041251215428,0.9718592964824121,1.0,0.9857288481141692,0.9777777777777777,0.4536082474226804,0.6197183098591549,0.8,0.9523809523809523,0.8695652173913043
3,MultinomialNB,synthetic_only,overlap_aware,3057,1190,0.17394957983193277,0.12244533767795941,0.6132656957399225,0.20200377448276607,0.0,0.0,0.0,0.12081513828238719,0.8556701030927835,0.21173469387755103,0.24652087475149106,0.9841269841269841,0.3942766295707472
3,MultinomialNB,combined,overlap_aware,7816,1190,0.9781512605042016,0.9471376146561278,0.9215099200919945,0.9297660675162428,0.9938144329896907,0.9968976215098242,0.9953536396489416,0.9743589743589743,0.7835051546391752,0.8685714285714285,0.8732394366197183,0.9841269841269841,0.9253731343283582
3,LogisticRegression,manual_only,overlap_aware,4759,1190,0.9630252100840336,0.9068654019873531,0.8629618968535162,0.8825039584059295,0.9817073170731707,0.9989658738366081,0.9902614044079959,0.85,0.7010309278350515,0.768361581920904,0.8888888888888888,0.8888888888888888,0.8888888888888888
3,LogisticRegression,synthetic_only,overlap_aware,3057,1190,0.1672268907563025,0.29601460298144205,0.5857742868052146,0.34141497374787394,0.0,0.0,0.0,0.07225433526011561,0.7731958762886598,0.13215859030837004,0.8157894736842105,0.9841269841269841,0.8920863309352518
3,LogisticRegression,combined,overlap_aware,7816,1190,0.9857142857142858,0.962009267937103,0.9478361672947969,0.9540246805737675,0.9958762886597938,0.9989658738366081,0.9974186886938565,0.9659090909090909,0.8762886597938144,0.918918918918919,0.9242424242424242,0.9682539682539683,0.9457364341085271
3,LinearSVC,manual_only,overlap_aware,4759,1190,0.9630252100840336,0.9017008858655435,0.8629618968535162,0.8802326720455417,0.9837067209775967,0.9989658738366081,0.991277578245254,0.8395061728395061,0.7010309278350515,0.7640449438202247,0.8818897637795275,0.8888888888888888,0.8853754940711462
3,LinearSVC,synthetic_only,overlap_aware,3057,1190,0.17563025210084032,0.22731226208514665,0.6185567010309279,0.30068319121632303,0.0,0.0,0.0,0.08478038815117467,0.8556701030927835,0.15427509293680297,0.5971563981042654,1.0,0.7477744807121661
3,LinearSVC,combined,overlap_aware,7816,1190,0.9857142857142858,0.9607433927862462,0.9478361672947969,0.9536045085766546,0.9958762886597938,0.9989658738366081,0.9974186886938565,0.9550561797752809,0.8762886597938144,0.9139784946236559,0.9312977099236641,0.9682539682539683,0.9494163424124513
4,MultinomialNB,manual_only,overlap_aware,4759,1190,0.9596638655462185,0.9004394861392834,0.842960781105111,0.8636396919085912,0.9807302231237323,1.0,0.9902713773681515,0.8676470588235294,0.6082474226804123,0.7151515151515152,0.8529411764705882,0.9206349206349206,0.8854961832061069
4,MultinomialNB,synthetic_only,overlap_aware,3057,1190,0.17058823529411765,0.12129225344894738,0.6050564555719194,0.19938893382022563,0.0,0.0,0.0,0.12164073550212164,0.8865979381443299,0.21393034825870647,0.2422360248447205,0.9285714285714286,0.3842364532019704
4,MultinomialNB,combined,overlap_aware,7816,1190,0.9781512605042016,0.9343191265402395,0.930929025258389,0.9325871837689329,0.9948347107438017,0.9958634953464323,0.9953488372093023,0.8947368421052632,0.8762886597938144,0.8854166666666666,0.9133858267716536,0.9206349206349206,0.9169960474308301
4,LogisticRegression,manual_only,overlap_aware,4759,1190,0.9647058823529412,0.9053304581394469,0.8776000308212805,0.8909607887713329,0.9846782431052093,0.9968976215098242,0.9907502569373073,0.8222222222222222,0.7628865979381443,0.7914438502673797,0.9090909090909091,0.873015873015873,0.8906882591093117
4,LogisticRegression,synthetic_only,overlap_aware,3057,1190,0.1672268907563025,0.2954085437306914,0.5897289041618938,0.33738191632928477,0.0,0.0,0.0,0.07670182166826463,0.8247422680412371,0.14035087719298245,0.8095238095238095,0.9444444444444444,0.8717948717948718
4,LogisticRegression,combined,overlap_aware,7816,1190,0.9823529411764705,0.9433556744151689,0.9481111558425815,0.9454617233378033,0.9968944099378882,0.9958634953464323,0.9963786859803414,0.8823529411764706,0.9278350515463918,0.9045226130653267,0.9508196721311475,0.9206349206349206,0.9354838709677419
4,LinearSVC,manual_only,overlap_aware,4759,1190,0.9663865546218487,0.9071268139047803,0.8828910361122858,0.8944894906854285,0.9866939611054247,0.9968976215098242,0.9917695473251029,0.8314606741573034,0.7628865979381443,0.7956989247311828,0.9032258064516129,0.8888888888888888,0.896
4,LinearSVC,synthetic_only,overlap_aware,3057,1190,0.17563025210084032,0.24836128158584725,0.6225113183876071,0.3134033281665838,0.0,0.0,0.0,0.0874751491053678,0.9072164948453608,0.15956482320942883,0.657608695652174,0.9603174603174603,0.7806451612903226
4,LinearSVC,combined,overlap_aware,7816,1190,0.9873949579831933,0.9611908068116494,0.9601735073381893,0.9606035808053179,0.996900826446281,0.9979317476732161,0.9974160206718347,0.9191919191919192,0.9381443298969072,0.9285714285714286,0.967479674796748,0.9444444444444444,0.9558232931726908
5,MultinomialNB,manual_only,overlap_aware,4759,1190,0.9420168067226891,0.8577821578839736,0.7762603204612182,0.7970832721620983,0.9698795180722891,0.9989658738366081,0.9842078451349975,0.8076923076923077,0.4329896907216495,0.5637583892617449,0.795774647887324,0.8968253968253969,0.8432835820895522
5,MultinomialNB,synthetic_only,overlap_aware,3057,1190,0.15966386554621848,0.11448539212507654,0.561173839524355,0.18782218597063624,0.0,0.0,0.0,0.10526315789473684,0.7628865979381443,0.185,0.23819301848049282,0.9206349206349206,0.37846655791190864
5,MultinomialNB,combined,overlap_aware,7816,1190,0.9663865546218487,0.8930325274198792,0.8813091891696141,0.8851996343580565,0.9958677685950413,0.9968976215098242,0.9963824289405685,0.8571428571428571,0.7422680412371134,0.7955801104972375,0.8260869565217391,0.9047619047619048,0.8636363636363636
5,LogisticRegression,manual_only,overlap_aware,4759,1190,0.9554621848739496,0.8699574842476413,0.8407342199866642,0.8547787170538167,0.9847094801223242,0.9989658738366081,0.9917864476386037,0.7692307692307693,0.7216494845360825,0.7446808510638298,0.8559322033898306,0.8015873015873016,0.8278688524590164
5,LogisticRegression,synthetic_only,overlap_aware,3057,1190,0.16134453781512606,0.282724383013679,0.5656739213440244,0.32726479679884696,0.0,0.0,0.0,0.0703953712632594,0.7525773195876289,0.12874779541446207,0.7777777777777778,0.9444444444444444,0.8530465949820788
5,LogisticRegression,combined,overlap_aware,7816,1190,0.9705882352941176,0.9082838955008619,0.9047467310348578,0.9064648294385425,0.9938080495356038,0.9958634953464323,0.9948347107438017,0.8367346938775511,0.845360824742268,0.841025641025641,0.8943089430894309,0.873015873015873,0.8835341365461847
5,LinearSVC,manual_only,overlap_aware,4759,1190,0.9512605042016806,0.857958580193483,0.8212512954780995,0.8384296110698225,0.9827235772357723,1.0,0.99128651973347,0.7647058823529411,0.6701030927835051,0.7142857142857143,0.8264462809917356,0.7936507936507936,0.8097165991902834
5,LinearSVC,synthetic_only,overlap_aware,3057,1190,0.16554621848739495,0.2211794808303413,0.5820651284568811,0.2891348496778745,0.0,0.0,0.0,0.07817258883248732,0.7938144329896907,0.1423290203327172,0.5853658536585366,0.9523809523809523,0.7250755287009063
5,LinearSVC,combined,overlap_aware,7816,1190,0.9781512605042016,0.9292715476824572,0.9224447965426014,0.9257099686158196,0.9969040247678018,0.9989658738366081,0.9979338842975206,0.8924731182795699,0.8556701030927835,0.8736842105263158,0.8984375,0.9126984126984127,0.905511811023622
6,MultinomialNB,manual_only,overlap_aware,4759,1190,0.9596638655462185,0.9155647696265042,0.8499351393678625,0.8744476041151232,0.9767206477732794,0.9979317476732161,0.9872122762148338,0.9117647058823529,0.6391752577319587,0.7515151515151515,0.8582089552238806,0.9126984126984127,0.8846153846153846
6,MultinomialNB,synthetic_only,overlap_aware,3057,1190,0.1689075630252101,0.1218676122931442,0.5981836033382425,0.1994159348738633,0.0,0.0,0.0,0.11666666666666667,0.865979381443299,0.20563035495716034,0.24893617021276596,0.9285714285714286,0.3926174496644295
6,MultinomialNB,combined,overlap_aware,7816,1190,0.9756302521008403,0.9303773525186352,0.9221296173609099,0.9254932995368104,0.993801652892562,0.9948293691830403,0.9943152454780362,0.9101123595505618,0.8350515463917526,0.8709677419354839,0.8872180451127819,0.9365079365079365,0.9111969111969112
6,LogisticRegression,manual_only,overlap_aware,4759,1190,0.965546218487395,0.9084947014045529,0.8856380447868629,0.8967484396334299,0.984646878198567,0.9948293691830403,0.9897119341563786,0.8152173913043478,0.7731958762886598,0.7936507936507936,0.9256198347107438,0.8888888888888888,0.9068825910931174
6,LogisticRegression,synthetic_only,overlap_aware,3057,1190,0.16638655462184873,0.29343236046908944,0.5855015545737196,0.33660329126058475,0.0,0.0,0.0,0.07492795389048991,0.8041237113402062,0.13708260105448156,0.8053691275167785,0.9523809523809523,0.8727272727272727
6,LogisticRegression,combined,overlap_aware,7816,1190,0.9781512605042016,0.9371657177363698,0.938622330502841,0.9378667568823986,0.9937888198757764,0.9927611168562565,0.9932747025349198,0.8958333333333334,0.8865979381443299,0.8911917098445595,0.921875,0.9365079365079365,0.9291338582677166
6,LinearSVC,manual_only,overlap_aware,4759,1190,0.9672268907563025,0.9124590702948262,0.8894191796248321,0.9006187120222208,0.9856704196519959,0.9958634953464323,0.9907407407407407,0.8260869565217391,0.7835051546391752,0.8042328042328042,0.9256198347107438,0.8888888888888888,0.9068825910931174
6,LinearSVC,synthetic_only,overlap_aware,3057,1190,0.16974789915966387,0.21197685701163263,0.5984563355697377,0.28437822287358194,0.0,0.0,0.0,0.08341915550978372,0.8350515463917526,0.15168539325842698,0.5525114155251142,0.9603174603174603,0.7014492753623188
6,LinearSVC,combined,overlap_aware,7816,1190,0.984873949579832,0.953310913779966,0.9490733055163378,0.9510975582778399,0.996900826446281,0.9979317476732161,0.9974160206718347,0.925531914893617,0.8969072164948454,0.9109947643979057,0.9375,0.9523809523809523,0.9448818897637795
7,MultinomialNB,manual_only,overlap_aware,4759,1190,0.9537815126050421,0.9003119251862971,0.8212785687012492,0.8497326134540769,0.9718592964824121,1.0,0.9857288481141692,0.873015873015873,0.5670103092783505,0.6875,0.8560606060606061,0.8968253968253969,0.875968992248062
7,MultinomialNB,synthetic_only,overlap_aware,3057,1190,0.16638655462184873,0.11552287581699346,0.5910380188730704,0.19137871024663478,0.0,0.0,0.0,0.125,0.8762886597938144,0.2187902187902188,0.22156862745098038,0.8968253968253969,0.3553459119496855
7,MultinomialNB,combined,overlap_aware,7816,1190,0.973109243697479,0.9125828408593025,0.9211674676871534,0.916824920482342,0.9968847352024922,0.9927611168562565,0.9948186528497409,0.8571428571428571,0.865979381443299,0.8615384615384616,0.8837209302325582,0.9047619047619048,0.8941176470588236
7,LogisticRegression,manual_only,overlap_aware,4759,1190,0.9630252100840336,0.9042719228828172,0.877701536850355,0.8905370218800924,0.982635342185904,0.9948293691830403,0.9886947584789312,0.8064516129032258,0.7731958762886598,0.7894736842105263,0.923728813559322,0.8650793650793651,0.8934426229508197
7,LogisticRegression,synthetic_only,overlap_aware,3057,1190,0.15966386554621848,0.28453961755803986,0.5627556864670267,0.3238172569641354,0.0,0.0,0.0,0.07279693486590039,0.7835051546391752,0.13321647677475898,0.7808219178082192,0.9047619047619048,0.8382352941176471
7,LogisticRegression,combined,overlap_aware,7816,1190,0.9747899159663865,0.9224048012009574,0.9304130903348379,0.9255861864985876,0.9948186528497409,0.9927611168562565,0.9937888198757764,0.839622641509434,0.9175257731958762,0.8768472906403941,0.9327731092436975,0.8809523809523809,0.9061224489795918
7,LinearSVC,manual_only,overlap_aware,4759,1190,0.9638655462184874,0.9018699177906662,0.876464398628814,0.8887137719640171,0.9846625766871165,0.9958634953464323,0.9902313624678664,0.8111111111111111,0.7525773195876289,0.7807486631016043,0.9098360655737705,0.8809523809523809,0.8951612903225806
7,LinearSVC,synthetic_only,overlap_aware,3057,1190,0.16806722689075632,0.21355027825332026,0.5955381006927398,0.2827938230923306,0.0,0.0,0.0,0.0856269113149847,0.865979381443299,0.15584415584415584,0.5550239234449761,0.9206349206349206,0.6925373134328359
7,LinearSVC,combined,overlap_aware,7816,1190,0.9857142857142858,0.9531808366170217,0.9571832959715559,0.9550904050497065,0.9979296066252588,0.9968976215098242,0.9974133471288154,0.91,0.9381443298969072,0.9238578680203046,0.9516129032258065,0.9365079365079365,0.944
8,MultinomialNB,manual_only,overlap_aware,4759,1190,0.9529411764705882,0.8935267506388892,0.8209338599801185,0.847867134768896,0.971830985915493,0.9989658738366081,0.9852116267210607,0.8461538461538461,0.5670103092783505,0.6790123456790124,0.8625954198473282,0.8968253968253969,0.8793774319066148
8,MultinomialNB,synthetic_only,overlap_aware,3057,1190,0.16806722689075632,0.11932923886475799,0.594747177221404,0.19628906382706943,0.0,0.0,0.0,0.11823361823361823,0.8556701030927835,0.20775969962453067,0.23975409836065573,0.9285714285714286,0.3811074918566775
8,MultinomialNB,combined,overlap_aware,7816,1190,0.9739495798319328,0.9244981637133164,0.9191394059942765,0.9211934356407864,0.9937952430196484,0.9937952430196484,0.9937952430196484,0.9,0.8350515463917526,0.8663101604278075,0.8796992481203008,0.9285714285714286,0.9034749034749034
8,LogisticRegression,manual_only,overlap_aware,4759,1190,0.9638655462184874,0.9092940607706392,0.874163604704442,0.8909077919977818,0.9816700610997964,0.9968976215098242,0.9892252437147255,0.8295454545454546,0.7525773195876289,0.7891891891891892,0.9166666666666666,0.873015873015873,0.8943089430894309
8,LogisticRegression,synthetic_only,overlap_aware,3057,1190,0.1689075630252101,0.29983467170524325,0.595810832924235,0.34144455328143525,0.0,0.0,0.0,0.07758620689655173,0.8350515463917526,0.14198071866783524,0.821917808219178,0.9523809523809523,0.8823529411764706
8,LogisticRegression,combined,overlap_aware,7816,1190,0.9764705882352941,0.9299671555150756,0.9310305312874636,0.9304487544759371,0.9937952430196484,0.9937952430196484,0.9937952430196484,0.8686868686868687,0.8865979381443299,0.8775510204081632,0.9274193548387096,0.9126984126984127,0.92
8,LinearSVC,manual_only,overlap_aware,4759,1190,0.9621848739495799,0.9031103281531289,0.8641990350750572,0.8822527964244,0.9816887080366226,0.9979317476732161,0.9897435897435898,0.8333333333333334,0.7216494845360825,0.7734806629834254,0.8943089430894309,0.873015873015873,0.8835341365461847
8,LinearSVC,synthetic_only,overlap_aware,3057,1190,0.17058823529411765,0.219590074249659,0.6026836851579119,0.2901355929074479,0.0,0.0,0.0,0.08460754332313965,0.8556701030927835,0.15398886827458255,0.5741626794258373,0.9523809523809523,0.7164179104477612
8,LinearSVC,combined,overlap_aware,7816,1190,0.9840336134453781,0.9507993450249179,0.9479376733238715,0.9491577598015204,0.9968976215098242,0.9968976215098242,0.9968976215098242,0.9247311827956989,0.8865979381443299,0.9052631578947369,0.9307692307692308,0.9603174603174603,0.9453125
9,MultinomialNB,manual_only,overlap_aware,4759,1190,0.9453781512605042,0.8557894869400803,0.7931697188139154,0.8131007961312395,0.9767441860465116,0.9989658738366081,0.9877300613496932,0.8064516129032258,0.5154639175257731,0.6289308176100629,0.7841726618705036,0.8650793650793651,0.8226415094339623
9,MultinomialNB,synthetic_only,overlap_aware,3057,1190,0.16302521008403362,0.11442803319233526,0.574919543991709,0.18894417521623796,0.0,0.0,0.0,0.11403508771929824,0.8041237113402062,0.1997439180537772,0.22924901185770752,0.9206349206349206,0.3670886075949367
9,MultinomialNB,combined,overlap_aware,7816,1190,0.965546218487395,0.8936618918237714,0.8863569917685633,0.8881438980610277,0.994824016563147,0.9937952430196484,0.9943093636833937,0.8588235294117647,0.7525773195876289,0.8021978021978022,0.8273381294964028,0.9126984126984127,0.8679245283018868
9,LogisticRegression,manual_only,overlap_aware,4759,1190,0.9537815126050421,0.8679577045766577,0.8477381077888545,0.8575095853291058,0.9836233367451381,0.9937952430196484,0.9886831275720165,0.7473684210526316,0.7319587628865979,0.7395833333333334,0.8728813559322034,0.8174603174603174,0.8442622950819673
9,LogisticRegression,synthetic_only,overlap_aware,3057,1190,0.1546218487394958,0.2654328478964401,0.5397643593519882,0.31236051732946146,0.0,0.0,0.0,0.06504854368932039,0.6907216494845361,0.1188997338065661,0.73125,0.9285714285714286,0.8181818181818182
9,LogisticRegression,combined,overlap_aware,7816,1190,0.9705882352941176,0.9086343405326808,0.9139499067323458,0.9112112231887869,0.9948132780082988,0.9917269906928645,0.9932677369238736,0.8541666666666666,0.845360824742268,0.8497409326424871,0.8769230769230769,0.9047619047619048,0.890625
9,LinearSVC,manual_only,overlap_aware,4759,1190,0.9554621848739496,0.8743888706357431,0.8437539608927364,0.8583568746110624,0.9826707441386341,0.9968976215098242,0.9897330595482546,0.7727272727272727,0.7010309278350515,0.7351351351351352,0.8677685950413223,0.8333333333333334,0.8502024291497976
9,LinearSVC,synthetic_only,overlap_aware,3057,1190,0.1672268907563025,0.23262465670241103,0.588937980690558,0.29818542238487344,0.0,0.0,0.0,0.07931726907630522,0.8144329896907216,0.1445562671546203,0.6185567010309279,0.9523809523809523,0.75
9,LinearSVC,combined,overlap_aware,7816,1190,0.980672268907563,0.9382009144237405,0.9396564566662328,0.9389014180308726,0.9968944099378882,0.9958634953464323,0.9963786859803414,0.8958333333333334,0.8865979381443299,0.8911917098445595,0.921875,0.9365079365079365,0.9291338582677166
10,MultinomialNB,manual_only,overlap_aware,4759,1190,0.9478991596638655,0.8739980531857423,0.7964326624120438,0.8168693638533969,0.9757820383451059,1.0,0.9877425944841676,0.8545454545454545,0.4845360824742268,0.618421052631579,0.7916666666666666,0.9047619047619048,0.8444444444444444
10,MultinomialNB,synthetic_only,overlap_aware,3057,1190,0.16050420168067228,0.11471824262572757,0.5638193421698576,0.18839470176381637,0.0,0.0,0.0,0.10586552217453506,0.7628865979381443,0.18592964824120603,0.23828920570264767,0.9285714285714286,0.37925445705024313
10,MultinomialNB,combined,overlap_aware,7816,1190,0.9596638655462185,0.8802031372889617,0.8530268567635703,0.8615271759161517,0.9907502569373073,0.9968976215098242,0.9938144329896907,0.84,0.6494845360824743,0.7325581395348837,0.8098591549295775,0.9126984126984127,0.8582089552238806
10,LogisticRegression,manual_only,overlap_aware,4759,1190,0.9445378151260504,0.8357978749904649,0.7982894979025001,0.8129432382063961,0.9806714140386572,0.9968976215098242,0.9887179487179487,0.7297297297297297,0.5567010309278351,0.631578947368421,0.7969924812030075,0.8412698412698413,0.8185328185328186
10,LogisticRegression,synthetic_only,overlap_aware,3057,1190,0.16302521008403362,0.28354978354978355,0.5717558501063655,0.32925650401378553,0.0,0.0,0.0,0.07142857142857142,0.7628865979381443,0.13062665489849956,0.7792207792207793,0.9523809523809523,0.8571428571428571
10,LogisticRegression,combined,overlap_aware,7816,1190,0.9647058823529412,0.8834179688170604,0.8814106951986886,0.8817744857214137,0.9958592132505176,0.9948293691830403,0.9953440248318676,0.8111111111111111,0.7525773195876289,0.7807486631016043,0.8432835820895522,0.8968253968253969,0.8692307692307693
10,LinearSVC,manual_only,overlap_aware,4759,1190,0.9521008403361344,0.8601614638283787,0.8183603338242514,0.8353906834848907,0.9827235772357723,1.0,0.99128651973347,0.7733333333333333,0.5979381443298969,0.6744186046511628,0.8244274809160306,0.8571428571428571,0.8404669260700389
10,LinearSVC,synthetic_only,overlap_aware,3057,1190,0.16218487394957984,0.22039385575702522,0.5691103474608629,0.2866452068776007,0.0,0.0,0.0,0.07497467071935157,0.7628865979381443,0.13653136531365315,0.5862068965517241,0.9444444444444444,0.723404255319149
10,LinearSVC,combined,overlap_aware,7816,1190,0.9756302521008403,0.9236428736199948,0.9074619538537064,0.9143136582105268,0.995880535530381,1.0,0.9979360165118679,0.8953488372093024,0.7938144329896907,0.8415300546448088,0.8796992481203008,0.9285714285714286,0.9034749034749034
11,MultinomialNB,manual_only,overlap_aware,4759,1190,0.9512605042016806,0.8748658246111557,0.8109692903507336,0.8309901408284338,0.978744939271255,1.0,0.9892583120204603,0.8387096774193549,0.5360824742268041,0.6540880503144654,0.8071428571428572,0.8968253968253969,0.849624060150376
11,MultinomialNB,synthetic_only,overlap_aware,3057,1190,0.1689075630252101,0.11974179603978803,0.5950199094528991,0.1971143748738149,0.0,0.0,0.0,0.11527377521613832,0.8247422680412371,0.202275600505689,0.2439516129032258,0.9603174603174603,0.3890675241157556
11,MultinomialNB,combined,overlap_aware,7816,1190,0.9739495798319328,0.9215086979252699,0.909864253807153,0.9145646185171876,0.9948400412796697,0.9968976215098242,0.9958677685950413,0.896551724137931,0.8041237113402062,0.8478260869565217,0.8731343283582089,0.9285714285714286,0.9
11,LogisticRegression,manual_only,overlap_aware,4759,1190,0.9563025210084034,0.8646158335128923,0.8487722339522467,0.8564528530151888,0.9887179487179487,0.9968976215098242,0.9927909371781668,0.7395833333333334,0.7319587628865979,0.7357512953367875,0.865546218487395,0.8174603174603174,0.8408163265306122
11,LogisticRegression,synthetic_only,overlap_aware,3057,1190,0.1638655462184874,0.2924717456756217,0.5751922762232041,0.3348458220162965,0.0,0.0,0.0,0.07204610951008646,0.7731958762886598,0.13181019332161686,0.8053691275167785,0.9523809523809523,0.8727272727272727
11,LogisticRegression,combined,overlap_aware,7816,1190,0.9781512605042016,0.9271029945244383,0.9371124600498048,0.9320332335583633,0.9979231568016614,0.9937952430196484,0.9958549222797928,0.87,0.8969072164948454,0.883248730964467,0.9133858267716536,0.9206349206349206,0.9169960474308301
11,LinearSVC,manual_only,overlap_aware,4759,1190,0.9571428571428572,0.8684919839409521,0.8452343018063336,0.8564880039073782,0.9877300613496932,0.9989658738366081,0.9933161953727506,0.7582417582417582,0.711340206185567,0.7340425531914894,0.859504132231405,0.8253968253968254,0.8421052631578947
11,LinearSVC,synthetic_only,overlap_aware,3057,1190,0.1722689075630252,0.22932283106853193,0.6079746904489173,0.2989659435764865,0.0,0.0,0.0,0.0840080971659919,0.8556701030927835,0.15299539170506912,0.6039603960396039,0.9682539682539683,0.7439024390243902
11,LinearSVC,combined,overlap_aware,7816,1190,0.9857142857142858,0.9511661501747511,0.9533006551045121,0.9522284146412527,0.9989648033126294,0.9979317476732161,0.9984480082772892,0.9175257731958762,0.9175257731958762,0.9175257731958762,0.937007874015748,0.9444444444444444,0.9407114624505929
12,MultinomialNB,manual_only,overlap_aware,4759,1190,0.9495798319327731,0.8721975694027749,0.8094889494371365,0.8280111304895782,0.977710233029382,0.9979317476732161,0.9877175025588536,0.8360655737704918,0.5257731958762887,0.6455696202531646,0.8028169014084507,0.9047619047619048,0.8507462686567164
12,MultinomialNB,synthetic_only,overlap_aware,3057,1190,0.16638655462184873,0.11473875890848828,0.5847106311023836,0.190489032360206,0.0,0.0,0.0,0.1171993911719939,0.7938144329896907,0.20424403183023873,0.2270168855534709,0.9603174603174603,0.36722306525037934
12,MultinomialNB,combined,overlap_aware,7816,1190,0.973109243697479,0.9238407751605212,0.9179317973121744,0.9172305275215148,0.9968814968814969,0.9917269906928645,0.9942975635044065,0.9390243902439024,0.7938144329896907,0.8603351955307262,0.8356164383561644,0.9682539682539683,0.8970588235294118
12,LogisticRegression,manual_only,overlap_aware,4759,1190,0.9613445378151261,0.8912136752136752,0.8723385550697142,0.8814056553854014,0.9856410256410256,0.9937952430196484,0.9897013388259527,0.8,0.7422680412371134,0.7700534759358288,0.888,0.8809523809523809,0.8844621513944223
12,LogisticRegression,synthetic_only,overlap_aware,3057,1190,0.16470588235294117,0.2793011100766017,0.5786287023400426,0.32752327047958557,0.0,0.0,0.0,0.07357212003872217,0.7835051546391752,0.13451327433628318,0.7643312101910829,0.9523809523809523,0.8480565371024735
12,LogisticRegression,combined,overlap_aware,7816,1190,0.9781512605042016,0.932554599258486,0.943223918351585,0.9375620633400716,0.9968782518210197,0.9906928645294726,0.9937759336099585,0.9052631578947369,0.8865979381443299,0.8958333333333334,0.8955223880597015,0.9523809523809523,0.9230769230769231
12,LinearSVC,manual_only,overlap_aware,4759,1190,0.9621848739495799,0.8950891876774429,0.869591546395137,0.8813891268749905,0.9856704196519959,0.9958634953464323,0.9907407407407407,0.8255813953488372,0.7319587628865979,0.7759562841530054,0.8740157480314961,0.8809523809523809,0.8774703557312253
12,LinearSVC,synthetic_only,overlap_aware,3057,1190,0.17142857142857143,0.2098429951690821,0.6045382643320788,0.2838077319356717,0.0,0.0,0.0,0.08488612836438923,0.845360824742268,0.15428033866415805,0.5446428571428571,0.9682539682539683,0.6971428571428572
12,LinearSVC,combined,overlap_aware,7816,1190,0.9865546218487395,0.9564759781860599,0.9566651047317153,0.9561238256890431,0.9989637305699481,0.9968976215098242,0.9979296066252588,0.9456521739130435,0.8969072164948454,0.9206349206349206,0.924812030075188,0.9761904761904762,0.9498069498069498
13,MultinomialNB,manual_only,overlap_aware,4759,1190,0.9521008403361344,0.9016788115453233,0.8128238695249004,0.8406963570008417,0.9708835341365462,1.0,0.9852266938359654,0.8947368421052632,0.5257731958762887,0.6623376623376623,0.8394160583941606,0.9126984126984127,0.8745247148288974
13,MultinomialNB,synthetic_only,overlap_aware,3057,1190,0.1672268907563025,0.11696472468043266,0.588937980690558,0.19334883877709239,0.0,0.0,0.0,0.11651917404129794,0.8144329896907216,0.20387096774193547,0.234375,0.9523809523809523,0.3761755485893417
13,MultinomialNB,combined,overlap_aware,7816,1190,0.9747899159663865,0.9330266111821605,0.9047444747185681,0.9152920962199312,0.9928057553956835,0.9989658738366081,0.9958762886597938,0.9367088607594937,0.7628865979381443,0.8409090909090909,0.8695652173913043,0.9523809523809523,0.9090909090909091
13,LogisticRegression,manual_only,overlap_aware,4759,1190,0.9621848739495799,0.9119506728042822,0.8642710115646928,0.8865971017421593,0.9787234042553191,0.9989658738366081,0.9887410440122825,0.8588235294117647,0.7525773195876289,0.8021978021978022,0.8983050847457628,0.8412698412698413,0.8688524590163934
13,LogisticRegression,synthetic_only,overlap_aware,3057,1190,0.1638655462184874,0.28896225994174224,0.5751922762232041,0.33282274876697004,0.0,0.0,0.0,0.07218479307025986,0.7731958762886598,0.13204225352112675,0.7947019867549668,0.9523809523809523,0.8664259927797834
13,LogisticRegression,combined,overlap_aware,7816,1190,0.9773109243697479,0.9357668090400076,0.9197273174074633,0.9267219775285276,0.9938208032955715,0.9979317476732161,0.9958720330237358,0.9195402298850575,0.8247422680412371,0.8695652173913043,0.8939393939393939,0.9365079365079365,0.9147286821705426
13,LinearSVC,manual_only,overlap_aware,4759,1190,0.9663865546218487,0.9154514886244022,0.8744068073964981,0.8932649572649572,0.9837232960325534,1.0,0.9917948717948718,0.8674698795180723,0.7422680412371134,0.8,0.8951612903225806,0.8809523809523809,0.888
13,LinearSVC,synthetic_only,overlap_aware,3057,1190,0.16806722689075632,0.20389492753623192,0.5907925598647248,0.2776602567509629,0.0,0.0,0.0,0.08125,0.8041237113402062,0.14758751182592242,0.5304347826086957,0.9682539682539683,0.6853932584269663
13,LinearSVC,combined,overlap_aware,7816,1190,0.9840336134453781,0.9544658853937205,0.9425451620037917,0.9480031992615885,0.9958762886597938,0.9989658738366081,0.9974186886938565,0.9444444444444444,0.8762886597938144,0.9090909090909091,0.9230769230769231,0.9523809523809523,0.9375
14,MultinomialNB,manual_only,overlap_aware,4759,1190,0.9537815126050421,0.8901252992109696,0.8266710800213289,0.8484968176658154,0.9767206477732794,0.9979317476732161,0.9872122762148338,0.8615384615384616,0.5773195876288659,0.691358024691358,0.8321167883211679,0.9047619047619048,0.8669201520912547
14,MultinomialNB,synthetic_only,overlap_aware,3057,1190,0.16806722689075632,0.11885693061262391,0.5923744068073965,0.19580124142861788,0.0,0.0,0.0,0.11560693641618497,0.8247422680412371,0.20278833967046894,0.24096385542168675,0.9523809523809523,0.38461538461538464
14,MultinomialNB,combined,overlap_aware,7816,1190,0.9781512605042016,0.937985896112831,0.923882690506002,0.9292212529547714,0.9948400412796697,0.9968976215098242,0.9958677685950413,0.9294117647058824,0.8144329896907216,0.8681318681318682,0.8897058823529411,0.9603174603174603,0.9236641221374046
14,LogisticRegression,manual_only,overlap_aware,4759,1190,0.9638655462184874,0.8956581599081644,0.87186281078007,0.8832481968228683,0.9877175025588536,0.9979317476732161,0.992798353909465,0.8202247191011236,0.7525773195876289,0.7849462365591398,0.8790322580645161,0.8650793650793651,0.872
14,LogisticRegression,synthetic_only,overlap_aware,3057,1190,0.16218487394957984,0.2785300755568639,0.5675285005181913,0.32655305912831584,0.0,0.0,0.0,0.06976744186046512,0.7422680412371134,0.1275465013286094,0.7658227848101266,0.9603174603174603,0.852112676056338
14,LogisticRegression,combined,overlap_aware,7816,1190,0.9789915966386554,0.9388529763599721,0.9327836044325558,0.9357407288956447,0.9938080495356038,0.9958634953464323,0.9948347107438017,0.8936170212765957,0.865979381443299,0.8795811518324608,0.9291338582677166,0.9365079365079365,0.932806324110672
14,LinearSVC,manual_only,overlap_aware,4759,1190,0.9647058823529412,0.8963180757659482,0.8745083134255727,0.8849165253183434,0.9887295081967213,0.9979317476732161,0.993309315491508,0.8202247191011236,0.7525773195876289,0.7849462365591398,0.88,0.873015873015873,0.8764940239043825
14,LinearSVC,synthetic_only,overlap_aware,3057,1190,0.173109243697479,0.23260939747509832,0.6114111165657558,0.30172699849170437,0.0,0.0,0.0,0.08476286579212916,0.865979381443299,0.15441176470588236,0.6130653266331658,0.9682539682539683,0.7507692307692307
14,LinearSVC,combined,overlap_aware,7816,1190,0.9873949579831933,0.9642240556831786,0.9578007369241818,0.9609312241676747,0.9958720330237358,0.9979317476732161,0.996900826446281,0.9361702127659575,0.9072164948453608,0.9214659685863874,0.9606299212598425,0.9682539682539683,0.9644268774703557
15,MultinomialNB,manual_only,overlap_aware,4759,1190,0.9521008403361344,0.9028238691959173,0.8159155869206082,0.8449962574198827,0.9689067201604814,0.9989658738366081,0.9837067209775967,0.8813559322033898,0.5360824742268041,0.6666666666666666,0.8582089552238806,0.9126984126984127,0.8846153846153846
15,MultinomialNB,synthetic_only,overlap_aware,3057,1190,0.16974789915966387,0.11746134580893108,0.5992472590410735,0.1948197925658215,0.0,0.0,0.0,0.12293853073463268,0.845360824742268,0.21465968586387435,0.2294455066921606,0.9523809523809523,0.3697996918335901
15,MultinomialNB,combined,overlap_aware,7816,1190,0.9747899159663865,0.9302688429856824,0.9109279095099838,0.9184383400250864,0.9927909371781668,0.9968976215098242,0.9948400412796697,0.9156626506024096,0.7835051546391752,0.8444444444444444,0.8823529411764706,0.9523809523809523,0.916030534351145
15,LogisticRegression,manual_only,overlap_aware,4759,1190,0.9588235294117647,0.8880036335614516,0.8574276888704548,0.8717708454368638,0.9826530612244898,0.9958634953464323,0.9892141756548536,0.8023255813953488,0.711340206185567,0.7540983606557377,0.8790322580645161,0.8650793650793651,0.872
15,LogisticRegression,synthetic_only,overlap_aware,3057,1190,0.16638655462184873,0.2899247238493457,0.5855015545737196,0.33458331214725173,0.0,0.0,0.0,0.07507218479307026,0.8041237113402062,0.13732394366197184,0.7947019867549668,0.9523809523809523,0.8664259927797834
15,LogisticRegression,combined,overlap_aware,7816,1190,0.9781512605042016,0.935353810839341,0.9332298191827612,0.934176261342504,0.9948293691830403,0.9948293691830403,0.9948293691830403,0.9042553191489362,0.8762886597938144,0.8900523560209425,0.9069767441860465,0.9285714285714286,0.9176470588235294
15,LinearSVC,manual_only,overlap_aware,4759,1190,0.9571428571428572,0.8879390423526482,0.8458812722983983,0.8643180855870002,0.9796747967479674,0.9968976215098242,0.9882111737570477,0.810126582278481,0.6597938144329897,0.7272727272727273,0.8740157480314961,0.8809523809523809,0.8774703557312253
15,LinearSVC,synthetic_only,overlap_aware,3057,1190,0.16974789915966387,0.22992527386343084,0.5984563355697377,0.29783748114630465,0.0,0.0,0.0,0.08173562058526741,0.8350515463917526,0.1488970588235294,0.6080402010050251,0.9603174603174603,0.7446153846153846
15,LinearSVC,combined,overlap_aware,7816,1190,0.9798319327731092,0.940870733903694,0.9331283131536866,0.9367489511874538,0.9948400412796697,0.9968976215098242,0.9958677685950413,0.9130434782608695,0.865979381443299,0.8888888888888888,0.9147286821705426,0.9365079365079365,0.9254901960784314
16,MultinomialNB,manual_only,overlap_aware,4759,1190,0.9529411764705882,0.8982836352193836,0.821005836469754,0.8520937501203809,0.9699097291875627,1.0,0.984725050916497,0.8529411764705882,0.5979381443298969,0.703030303030303,0.872,0.8650793650793651,0.8685258964143426
16,MultinomialNB,synthetic_only,overlap_aware,3057,1190,0.1689075630252101,0.12068661971830985,0.5981836033382425,0.1981056841743654,0.0,0.0,0.0,0.11830985915492957,0.865979381443299,0.20817843866171004,0.24375,0.9285714285714286,0.38613861386138615
16,MultinomialNB,combined,overlap_aware,7816,1190,0.973109243697479,0.9153758040355978,0.9049179572372784,0.9096827543672935,0.9948453608247423,0.9979317476732161,0.996386164171399,0.8666666666666667,0.8041237113402062,0.8342245989304813,0.8846153846153846,0.9126984126984127,0.8984375
16,LogisticRegression,manual_only,overlap_aware,4759,1190,0.9613445378151261,0.8909045400446206,0.8662990732575695,0.8778721647130013,0.9856996935648621,0.9979317476732161,0.9917780061664954,0.7835051546391752,0.7835051546391752,0.7835051546391752,0.9035087719298246,0.8174603174603174,0.8583333333333333
16,LogisticRegression,synthetic_only,overlap_aware,3057,1190,0.16302521008403362,0.2953712555768005,0.5741286205203732,0.33379994167395743,0.0,0.0,0.0,0.07361376673040153,0.7938144329896907,0.1347331583552056,0.8125,0.9285714285714286,0.8666666666666667
16,LogisticRegression,combined,overlap_aware,7816,1190,0.9798319327731092,0.9317885013537186,0.9370829305103657,0.9338948911413892,0.9979296066252588,0.9968976215098242,0.9974133471288154,0.8557692307692307,0.9175257731958762,0.8855721393034826,0.9416666666666667,0.8968253968253969,0.9186991869918699
16,LinearSVC,manual_only,overlap_aware,4759,1190,0.9647058823529412,0.9049612603584091,0.8714885725195004,0.8875346898250482,0.984725050916497,1.0,0.9923037455105183,0.8241758241758241,0.7731958762886598,0.7978723404255319,0.905982905982906,0.8412698412698413,0.8724279835390947
16,LinearSVC,synthetic_only,overlap_aware,3057,1190,0.1672268907563025,0.2258709405886825,0.5905198276332296,0.29238513076896916,0.0,0.0,0.0,0.08165322580645161,0.8350515463917526,0.1487603305785124,0.5959595959595959,0.9365079365079365,0.7283950617283951
16,LinearSVC,combined,overlap_aware,7816,1190,0.984873949579832,0.9469582182928823,0.9491452820059735,0.947846884631753,0.9989658738366081,0.9989658738366081,0.9989658738366081,0.8910891089108911,0.9278350515463918,0.9090909090909091,0.9508196721311475,0.9206349206349206,0.9354838709677419
17,MultinomialNB,manual_only,overlap_aware,4759,1190,0.946218487394958,0.8599481992967908,0.7935144275350461,0.8174369224219463,0.9728370221327968,1.0,0.9862315145334013,0.78125,0.5154639175257731,0.6211180124223602,0.8257575757575758,0.8650793650793651,0.8449612403100775
17,MultinomialNB,synthetic_only,overlap_aware,3057,1190,0.16638655462184873,0.11743186391073714,0.5878743249877271,0.19355507243432146,0.0,0.0,0.0,0.11688311688311688,0.8350515463917526,0.20506329113924052,0.23541247484909456,0.9285714285714286,0.3756019261637239
17,MultinomialNB,combined,overlap_aware,7816,1190,0.9689075630252101,0.9041319637658544,0.8970109788402093,0.8998501448613977,0.993801652892562,0.9948293691830403,0.9943152454780362,0.8539325842696629,0.7835051546391752,0.8172043010752689,0.8646616541353384,0.9126984126984127,0.888030888030888
17,LogisticRegression,manual_only,overlap_aware,4759,1190,0.9554621848739496,0.873719317382511,0.8445448843640723,0.8585176604177812,0.9826707441386341,0.9968976215098242,0.9897330595482546,0.7419354838709677,0.711340206185567,0.7263157894736842,0.896551724137931,0.8253968253968254,0.859504132231405
17,LogisticRegression,synthetic_only,overlap_aware,3057,1190,0.16470588235294117,0.2981246218995765,0.5794196258113784,0.3376933068805294,0.0,0.0,0.0,0.07368421052631578,0.7938144329896907,0.13485113835376533,0.8206896551724138,0.9444444444444444,0.8782287822878229
17,LogisticRegression,combined,overlap_aware,7816,1190,0.9756302521008403,0.9238862124919077,0.9252933112462531,0.9244787274073327,0.9948293691830403,0.9948293691830403,0.9948293691830403,0.85,0.8762886597938144,0.8629441624365483,0.926829268292683,0.9047619047619048,0.9156626506024096
17,LinearSVC,manual_only,overlap_aware,4759,1190,0.9571428571428572,0.8769457893694147,0.8452343018063336,0.860429069875348,0.9837067209775967,0.9989658738366081,0.991277578245254,0.7582417582417582,0.711340206185567,0.7340425531914894,0.8888888888888888,0.8253968253968254,0.8559670781893004
17,LinearSVC,synthetic_only,overlap_aware,3057,1190,0.173109243697479,0.23953097949607546,0.6122020400370917,0.3061721430380621,0.0,0.0,0.0,0.08508508508508508,0.8762886597938144,0.1551094890510949,0.6335078534031413,0.9603174603174603,0.7634069400630915
17,LinearSVC,combined,overlap_aware,7816,1190,0.9815126050420168,0.9397907241663237,0.9361185245203197,0.9376302251575369,0.9979317476732161,0.9979317476732161,0.9979317476732161,0.9130434782608695,0.865979381443299,0.8888888888888888,0.9083969465648855,0.9444444444444444,0.9260700389105059
18,MultinomialNB,manual_only,overlap_aware,4759,1190,0.9504201680672268,0.8835348407937241,0.8105526051399675,0.8270974790861688,0.9796954314720813,0.9979317476732161,0.9887295081967213,0.8909090909090909,0.5051546391752577,0.6447368421052632,0.78,0.9285714285714286,0.8478260869565217
18,MultinomialNB,synthetic_only,overlap_aware,3057,1190,0.1638655462184874,0.11440009588876902,0.5767741231658757,0.18921886409135122,0.0,0.0,0.0,0.11407407407407408,0.7938144329896907,0.19948186528497408,0.229126213592233,0.9365079365079365,0.36817472698907955
18,MultinomialNB,combined,overlap_aware,7816,1190,0.965546218487395,0.8998256870671555,0.8847751448258917,0.8886478686205764,0.9937952430196484,0.9937952430196484,0.9937952430196484,0.8875,0.7319587628865979,0.8022598870056498,0.8181818181818182,0.9285714285714286,0.8698884758364313
18,LogisticRegression,manual_only,overlap_aware,4759,1190,0.9554621848739496,0.8695220937070675,0.8382174965933854,0.8478877449675403,0.9897330595482546,0.9968976215098242,0.9933024214322514,0.8356164383561644,0.6288659793814433,0.7176470588235294,0.7832167832167832,0.8888888888888888,0.8327137546468402
18,LogisticRegression,synthetic_only,overlap_aware,3057,1190,0.15798319327731092,0.2704750637314967,0.5511372934053346,0.31900615377633096,0.0,0.0,0.0,0.06608357628765792,0.7010309278350515,0.12078152753108348,0.7453416149068323,0.9523809523809523,0.8362369337979094
18,LogisticRegression,combined,overlap_aware,7816,1190,0.9672268907563025,0.9012686488602801,0.8901381266065324,0.8940089244979156,0.993801652892562,0.9948293691830403,0.9943152454780362,0.8705882352941177,0.7628865979381443,0.8131868131868132,0.8394160583941606,0.9126984126984127,0.8745247148288974
18,LinearSVC,manual_only,overlap_aware,4759,1190,0.957983193277311,0.8752636306593141,0.8469449280012292,0.8555147583142588,0.9907502569373073,0.9968976215098242,0.9938144329896907,0.8378378378378378,0.6391752577319587,0.7251461988304093,0.7972027972027972,0.9047619047619048,0.8475836431226765
18,LinearSVC,synthetic_only,overlap_aware,3057,1190,0.16302521008403362,0.20718076185264708,0.5701740031636939,0.27815958233693117,0.0,0.0,0.0,0.07445708376421924,0.7422680412371134,0.13533834586466165,0.547085201793722,0.9682539682539683,0.6991404011461319
18,LinearSVC,combined,overlap_aware,7816,1190,0.973109243697479,0.9170997614223345,0.9056369042189786,0.909628555715743,0.9958677685950413,0.9968976215098242,0.9963824289405685,0.8941176470588236,0.7835051546391752,0.8351648351648352,0.8613138686131386,0.9365079365079365,0.8973384030418251
19,MultinomialNB,manual_only,overlap_aware,4759,1190,0.9504201680672268,0.8716300637032344,0.8160890694393185,0.834473507557544,0.9806910569105691,0.9979317476732161,0.9892362890825218,0.8484848484848485,0.5773195876288659,0.6871165644171779,0.7857142857142857,0.873015873015873,0.8270676691729323
19,MultinomialNB,synthetic_only,overlap_aware,3057,1190,0.16470588235294117,0.11665955327927159,0.5802105492827142,0.19209351782243264,0.0,0.0,0.0,0.11255411255411256,0.8041237113402062,0.19746835443037974,0.23742454728370221,0.9365079365079365,0.37881219903691815
19,MultinomialNB,combined,overlap_aware,7816,1190,0.9722689075630252,0.9129872623954266,0.9037823250448117,0.9068523179070577,0.9968976215098242,0.9968976215098242,0.9968976215098242,0.8953488372093024,0.7938144329896907,0.8415300546448088,0.8467153284671532,0.9206349206349206,0.8821292775665399
19,LogisticRegression,manual_only,overlap_aware,4759,1190,0.957983193277311,0.876662943578495,0.8517624453188798,0.8636900478048967,0.9867075664621677,0.9979317476732161,0.9922879177377892,0.797752808988764,0.7319587628865979,0.7634408602150538,0.8455284552845529,0.8253968253968254,0.8353413654618473
19,LogisticRegression,synthetic_only,overlap_aware,3057,1190,0.15546218487394958,0.26879926732738035,0.5432007854688267,0.31480141551998736,0.0,0.0,0.0,0.06589147286821706,0.7010309278350515,0.1204605845881311,0.740506329113924,0.9285714285714286,0.823943661971831
19,LogisticRegression,combined,overlap_aware,7816,1190,0.9697478991596639,0.9097108091833578,0.8997284579753476,0.9043926731967992,0.9927835051546392,0.9958634953464323,0.9943211151264842,0.8681318681318682,0.8144329896907216,0.8404255319148937,0.8682170542635659,0.8888888888888888,0.8784313725490196
19,LinearSVC,manual_only,overlap_aware,4759,1190,0.9571428571428572,0.8779312174982521,0.8475350957307056,0.8617889930143333,0.9846938775510204,0.9979317476732161,0.9912686183872624,0.8023255813953488,0.711340206185567,0.7540983606557377,0.8467741935483871,0.8333333333333334,0.84
19,LinearSVC,synthetic_only,overlap_aware,3057,1190,0.16302521008403362,0.19958127669437317,0.5733376970490373,0.27065048906943184,0.0,0.0,0.0,0.07892004153686397,0.7835051546391752,0.14339622641509434,0.5198237885462555,0.9365079365079365,0.6685552407932012
19,LinearSVC,combined,overlap_aware,7816,1190,0.9789915966386554,0.9347667339010908,0.925090299188104,0.9297037979241295,0.9958762886597938,0.9989658738366081,0.9974186886938565,0.9021739130434783,0.8556701030927835,0.8783068783068783,0.90625,0.9206349206349206,0.9133858267716536
20,MultinomialNB,manual_only,overlap_aware,4759,1190,0.9487394957983193,0.8613264427217916,0.808497270223941,0.8298892137051092,0.9767441860465116,0.9989658738366081,0.9877300613496932,0.7777777777777778,0.5773195876288659,0.6627218934911243,0.8294573643410853,0.8492063492063492,0.8392156862745098
20,MultinomialNB,synthetic_only,overlap_aware,3057,1190,0.17142857142857143,0.12208812305387119,0.6069110347460863,0.20062334551443017,0.0,0.0,0.0,0.12039660056657224,0.8762886597938144,0.21170610211706103,0.24586776859504134,0.9444444444444444,0.3901639344262295
20,MultinomialNB,combined,overlap_aware,7816,1190,0.9739495798319328,0.9192941434992051,0.9160476885985687,0.9169863326979666,0.9958592132505176,0.9948293691830403,0.9953440248318676,0.8888888888888888,0.8247422680412371,0.8556149732620321,0.8731343283582089,0.9285714285714286,0.9
20,LogisticRegression,manual_only,overlap_aware,4759,1190,0.9613445378151261,0.880325420519962,0.8724105315593498,0.8762917199622163,0.9907312049433573,0.9948293691830403,0.9927760577915377,0.7731958762886598,0.7731958762886598,0.7731958762886598,0.8770491803278688,0.8492063492063492,0.8629032258064516
20,LogisticRegression,synthetic_only,overlap_aware,3057,1190,0.1689075630252101,0.30565913215640983,0.5942289859815633,0.3462409230046766,0.0,0.0,0.0,0.07559808612440191,0.8144329896907216,0.138353765323993,0.8413793103448276,0.9682539682539683,0.9003690036900369
20,LogisticRegression,combined,overlap_aware,7816,1190,0.9773109243697479,0.9221924603174604,0.9406503921957178,0.9309507693099418,0.9989583333333333,0.9917269906928645,0.9953295277633627,0.8476190476190476,0.9175257731958762,0.8811881188118812,0.92,0.9126984126984127,0.9163346613545816
20,LinearSVC,manual_only,overlap_aware,4759,1190,0.9630252100840336,0.8834600522347099,0.8700082316059032,0.876597576415265,0.9917780061664954,0.9979317476732161,0.9948453608247423,0.7956989247311828,0.7628865979381443,0.7789473684210526,0.8629032258064516,0.8492063492063492,0.856
20,LinearSVC,synthetic_only,overlap_aware,3057,1190,0.1722689075630252,0.22063492063492063,0.6087656139202532,0.29207565105893796,0.0,0.0,0.0,0.08571428571428572,0.865979381443299,0.15598885793871867,0.5761904761904761,0.9603174603174603,0.7202380952380952
20,LinearSVC,combined,overlap_aware,7816,1190,0.9823529411764705,0.9363960396039603,0.9450194384468736,0.9405796962210355,1.0,0.9968976215098242,0.9984464008285863,0.8811881188118812,0.9175257731958762,0.898989898989899,0.928,0.9206349206349206,0.9243027888446215
21,MultinomialNB,manual_only,overlap_aware,4759,1190,0.9487394957983193,0.8837689381866088,0.7982872415862107,0.8222262227141975,0.9708835341365462,1.0,0.9852266938359654,0.8518518518518519,0.4742268041237113,0.609271523178808,0.8285714285714286,0.9206349206349206,0.8721804511278195
21,MultinomialNB,synthetic_only,overlap_aware,3057,1190,0.16554621848739495,0.11411282637697732,0.5836469753995527,0.1894915745722847,0.0,0.0,0.0,0.11969696969696969,0.8144329896907216,0.20871862615587847,0.22264150943396227,0.9365079365079365,0.3597560975609756
21,MultinomialNB,combined,overlap_aware,7816,1190,0.973109243697479,0.9221211508658446,0.9064278276903144,0.912686403313573,0.9938144329896907,0.9968976215098242,0.9953536396489416,0.9058823529411765,0.7938144329896907,0.8461538461538461,0.8666666666666667,0.9285714285714286,0.896551724137931
21,LogisticRegression,manual_only,overlap_aware,4759,1190,0.957983193277311,0.8881109046596757,0.847735851472565,0.8649974861739568,0.9806714140386572,0.9968976215098242,0.9887179487179487,0.8076923076923077,0.6494845360824743,0.72,0.875968992248062,0.8968253968253969,0.8862745098039215
21,LogisticRegression,synthetic_only,overlap_aware,3057,1190,0.16302521008403362,0.2886414386392077,0.5717558501063655,0.33223589430687617,0.0,0.0,0.0,0.0712223291626564,0.7628865979381443,0.13028169014084506,0.7947019867549668,0.9523809523809523,0.8664259927797834
21,LogisticRegression,combined,overlap_aware,7816,1190,0.9798319327731092,0.9398315248260621,0.9323373896823508,0.935835993411751,0.9948400412796697,0.9968976215098242,0.9958677685950413,0.9021739130434783,0.8556701030927835,0.8783068783068783,0.9224806201550387,0.9444444444444444,0.9333333333333333
21,LinearSVC,manual_only,overlap_aware,4759,1190,0.9563025210084034,0.8857760654720975,0.8392811522962164,0.8570171368144793,0.9796747967479674,0.9968976215098242,0.9882111737570477,0.8194444444444444,0.6082474226804123,0.6982248520710059,0.8582089552238806,0.9126984126984127,0.8846153846153846
21,LinearSVC,synthetic_only,overlap_aware,3057,1190,0.16806722689075632,0.21376467158465792,0.5915834833360606,0.28504267203957606,0.0,0.0,0.0,0.0811088295687885,0.8144329896907216,0.14752567693744165,0.5601851851851852,0.9603174603174603,0.7076023391812866
21,LinearSVC,combined,overlap_aware,7816,1190,0.9831932773109243,0.9511478420569329,0.9437103237356972,0.9468381949914098,0.9958677685950413,0.9968976215098242,0.9963824289405685,0.9333333333333333,0.865979381443299,0.8983957219251337,0.9242424242424242,0.9682539682539683,0.9457364341085271
22,MultinomialNB,manual_only,overlap_aware,4759,1190,0.9521008403361344,0.8941546226722051,0.8206611277486234,0.8491435535587021,0.971830985915493,0.9989658738366081,0.9852116267210607,0.8656716417910447,0.5979381443298969,0.7073170731707317,0.8449612403100775,0.8650793650793651,0.8549019607843137
22,MultinomialNB,synthetic_only,overlap_aware,3057,1190,0.16470588235294117,0.11336001524680771,0.5817923962253859,0.188339723555756,0.0,0.0,0.0,0.12121212121212122,0.8247422680412371,0.21136063408190225,0.2188679245283019,0.9206349206349206,0.35365853658536583
22,MultinomialNB,combined,overlap_aware,7816,1190,0.9739495798319328,0.9166827902005767,0.9114461007498247,0.913793591833805,0.9958677685950413,0.9968976215098242,0.9963824289405685,0.8695652173913043,0.8247422680412371,0.8465608465608465,0.8846153846153846,0.9126984126984127,0.8984375
22,LogisticRegression,manual_only,overlap_aware,4759,1190,0.9621848739495799,0.9001755819642777,0.8641990350750572,0.8810054389189812,0.9826883910386965,0.9979317476732161,0.9902514109799897,0.8235294117647058,0.7216494845360825,0.7692307692307693,0.8943089430894309,0.873015873015873,0.8835341365461847
22,LogisticRegression,synthetic_only,overlap_aware,3057,1190,0.15966386554621848,0.2798114165641526,0.561173839524355,0.32260893883154523,0.0,0.0,0.0,0.0712223291626564,0.7628865979381443,0.13028169014084506,0.7682119205298014,0.9206349206349206,0.8375451263537906
22,LogisticRegression,combined,overlap_aware,7816,1190,0.9756302521008403,0.9211792905626083,0.9191098764548374,0.9201396886326313,0.9958677685950413,0.9968976215098242,0.9963824289405685,0.8556701030927835,0.8556701030927835,0.8556701030927835,0.912,0.9047619047619048,0.9083665338645418
22,LinearSVC,manual_only,overlap_aware,4759,1190,0.9647058823529412,0.9087513821506171,0.8698347490871932,0.887429790720692,0.9837067209775967,0.9989658738366081,0.991277578245254,0.8536585365853658,0.7216494845360825,0.7821229050279329,0.8888888888888888,0.8888888888888888,0.8888888888888888
22,LinearSVC,synthetic_only,overlap_aware,3057,1190,0.16554621848739495,0.20399844720496896,0.5828560519282169,0.2755848228284729,0.0,0.0,0.0,0.08074534161490683,0.8041237113402062,0.14675446848541862,0.53125,0.9444444444444444,0.68
22,LinearSVC,combined,overlap_aware,7816,1190,0.9798319327731092,0.9318434124616545,0.9285267253049425,0.9301485532779769,0.9979338842975206,0.9989658738366081,0.9984496124031008,0.8842105263157894,0.865979381443299,0.875,0.9133858267716536,0.9206349206349206,0.9169960474308301
23,MultinomialNB,manual_only,overlap_aware,4759,1190,0.9529411764705882,0.8862426840529031,0.8178421425844107,0.8408543022253482,0.9767676767676767,1.0,0.9882473173224323,0.8571428571428571,0.5567010309278351,0.675,0.8248175182481752,0.8968253968253969,0.8593155893536122
23,MultinomialNB,synthetic_only,overlap_aware,3057,1190,0.16974789915966387,0.11945749319457492,0.5976654120984017,0.1970971259033483,0.0,0.0,0.0,0.11678832116788321,0.8247422680412371,0.20460358056265984,0.24158415841584158,0.9682539682539683,0.3866877971473851
23,MultinomialNB,combined,overlap_aware,7816,1190,0.973109243697479,0.9226645297294175,0.9071467746720149,0.9130269770818616,0.9927835051546392,0.9958634953464323,0.9943211151264842,0.8928571428571429,0.7731958762886598,0.8287292817679558,0.8823529411764706,0.9523809523809523,0.916030534351145
23,LogisticRegression,manual_only,overlap_aware,4759,1190,0.9596638655462185,0.9004709137305186,0.8546806801958775,0.8756773468883758,0.9787018255578094,0.9979317476732161,0.9882232462877624,0.8292682926829268,0.7010309278350515,0.7597765363128491,0.8934426229508197,0.8650793650793651,0.8790322580645161
23,LogisticRegression,synthetic_only,overlap_aware,3057,1190,0.16470588235294117,0.28603603603603606,0.5778377788687067,0.3322258647501366,0.0,0.0,0.0,0.07239382239382239,0.7731958762886598,0.1323918799646955,0.7857142857142857,0.9603174603174603,0.8642857142857143
23,LogisticRegression,combined,overlap_aware,7816,1190,0.9789915966386554,0.9443304392269106,0.9296918870368481,0.9367040067270834,0.9917695473251029,0.9968976215098242,0.9943269726663229,0.9120879120879121,0.8556701030927835,0.8829787234042553,0.9291338582677166,0.9365079365079365,0.932806324110672
23,LinearSVC,manual_only,overlap_aware,4759,1190,0.9621848739495799,0.9062368866328256,0.8603163942080135,0.8808592772253273,0.9807106598984772,0.9989658738366081,0.9897540983606558,0.85,0.7010309278350515,0.768361581920904,0.888,0.8809523809523809,0.8844621513944223
23,LinearSVC,synthetic_only,overlap_aware,3057,1190,0.173109243697479,0.218719677238139,0.6114111165657558,0.2914058074301482,0.0,0.0,0.0,0.0860655737704918,0.865979381443299,0.1565703634669152,0.5700934579439252,0.9682539682539683,0.7176470588235294
23,LinearSVC,combined,overlap_aware,7816,1190,0.9857142857142858,0.9596385766129233,0.9486270907661328,0.9537773045194236,0.9958762886597938,0.9989658738366081,0.9974186886938565,0.945054945054945,0.8865979381443299,0.9148936170212766,0.937984496124031,0.9603174603174603,0.9490196078431372
24,MultinomialNB,manual_only,overlap_aware,4759,1190,0.9428571428571428,0.8686728657271691,0.7829324169530355,0.8141355410613809,0.9660339660339661,1.0,0.9827235772357723,0.819672131147541,0.5154639175257731,0.6329113924050633,0.8203125,0.8333333333333334,0.8267716535433071
24,MultinomialNB,synthetic_only,overlap_aware,3057,1190,0.16638655462184873,0.11681722916817229,0.5870834015163912,0.19287102975966106,0.0,0.0,0.0,0.11678832116788321,0.8247422680412371,0.20460358056265984,0.23366336633663368,0.9365079365079365,0.37400950871632327
24,MultinomialNB,combined,overlap_aware,7816,1190,0.9705882352941176,0.9189039718451483,0.8946086788867628,0.9054780424904653,0.9897435897435898,0.9979317476732161,0.9938208032955715,0.8823529411764706,0.7731958762886598,0.8241758241758241,0.8846153846153846,0.9126984126984127,0.8984375
24,LogisticRegression,manual_only,overlap_aware,4759,1190,0.9588235294117647,0.8984579909775207,0.8513162305686747,0.8734913846469491,0.9777327935222672,0.9989658738366081,0.9882352941176471,0.8045977011494253,0.7216494845360825,0.7608695652173914,0.9130434782608695,0.8333333333333334,0.8713692946058091
24,LogisticRegression,synthetic_only,overlap_aware,3057,1190,0.16554621848739495,0.2911952240037651,0.5828560519282169,0.3341790488363423,0.0,0.0,0.0,0.07492795389048991,0.8041237113402062,0.13708260105448156,0.7986577181208053,0.9444444444444444,0.8654545454545455
24,LogisticRegression,combined,overlap_aware,7816,1190,0.9840336134453781,0.9556141589628849,0.9441270089464634,0.9497338116533163,0.9948506694129763,0.9989658738366081,0.9969040247678018,0.9354838709677419,0.8969072164948454,0.9157894736842105,0.9365079365079365,0.9365079365079365,0.9365079365079365
24,LinearSVC,manual_only,overlap_aware,4759,1190,0.9563025210084034,0.8866059094897613,0.8386341818041516,0.8600045904283365,0.9787234042553191,0.9989658738366081,0.9887410440122825,0.810126582278481,0.6597938144329897,0.7272727272727273,0.8709677419354839,0.8571428571428571,0.864
24,LinearSVC,synthetic_only,overlap_aware,3057,1190,0.17647058823529413,0.23529352108676582,0.6243658975617739,0.3056165158371041,0.0,0.0,0.0,0.08779011099899092,0.8969072164948454,0.15992647058823528,0.6180904522613065,0.9761904761904762,0.7569230769230769
24,LinearSVC,combined,overlap_aware,7816,1190,0.984873949579832,0.9615367783449037,0.9443997411779584,0.9518946457123995,0.9948506694129763,0.9989658738366081,0.9969040247678018,0.9655172413793104,0.865979381443299,0.9130434782608695,0.9242424242424242,0.9682539682539683,0.9457364341085271
25,MultinomialNB,manual_only,overlap_aware,4759,1190,0.9495798319327731,0.8928894233619885,0.8087700024554362,0.8383526377353445,0.9689067201604814,0.9989658738366081,0.9837067209775967,0.8688524590163934,0.5463917525773195,0.6708860759493671,0.8409090909090909,0.8809523809523809,0.8604651162790697
25,MultinomialNB,synthetic_only,overlap_aware,3057,1190,0.1672268907563025,0.11787841829645017,0.5897289041618938,0.19438255597355636,0.0,0.0,0.0,0.11611030478955008,0.8247422680412371,0.2035623409669211,0.2375249500998004,0.9444444444444444,0.379585326953748
25,MultinomialNB,combined,overlap_aware,7816,1190,0.9680672268907563,0.9144301570190899,0.9012678579678228,0.9057857040575786,0.9907024793388429,0.9917269906928645,0.9912144702842377,0.9047619047619048,0.7835051546391752,0.8397790055248618,0.8478260869565217,0.9285714285714286,0.8863636363636364
25,LogisticRegression,manual_only,overlap_aware,4759,1190,0.9546218487394958,0.8910815876333117,0.839526611304562,0.863498741969746,0.9737373737373738,0.9968976215098242,0.9851814001021972,0.7857142857142857,0.6804123711340206,0.7292817679558011,0.9137931034482759,0.8412698412698413,0.8760330578512396
25,LogisticRegression,synthetic_only,overlap_aware,3057,1190,0.16302521008403362,0.27986427986427986,0.5733376970490373,0.32567141596267807,0.0,0.0,0.0,0.07335907335907337,0.7835051546391752,0.13415710503089143,0.7662337662337663,0.9365079365079365,0.8428571428571429
25,LogisticRegression,combined,overlap_aware,7816,1190,0.9722689075630252,0.9253945578984615,0.914639324174607,0.9198879551820728,0.9897013388259527,0.9937952430196484,0.9917440660474717,0.8817204301075269,0.845360824742268,0.8631578947368421,0.9047619047619048,0.9047619047619048,0.9047619047619048
25,LinearSVC,manual_only,overlap_aware,4759,1190,0.9554621848739496,0.8916559644647521,0.8413811904787288,0.8645249026253633,0.974721941354904,0.9968976215098242,0.9856850715746421,0.7926829268292683,0.6701030927835051,0.7262569832402235,0.907563025210084,0.8571428571428571,0.8816326530612245
25,LinearSVC,synthetic_only,overlap_aware,3057,1190,0.16974789915966387,0.19990345698265935,0.5984563355697377,0.2747841687468622,0.0,0.0,0.0,0.08481675392670157,0.8350515463917526,0.15399239543726237,0.5148936170212766,0.9603174603174603,0.6703601108033241
25,LinearSVC,combined,overlap_aware,7816,1190,0.9815126050420168,0.9453677448147847,0.9392102419160278,0.9422105290221922,0.9948400412796697,0.9968976215098242,0.9958677685950413,0.9042553191489362,0.8762886597938144,0.8900523560209425,0.937007874015748,0.9444444444444444,0.9407114624505929
26,MultinomialNB,manual_only,overlap_aware,4759,1190,0.9445378151260504,0.8825378361543281,0.7803141875306823,0.7976067526072429,0.973816717019134,1.0,0.986734693877551,0.9090909090909091,0.41237113402061853,0.5673758865248227,0.7647058823529411,0.9285714285714286,0.8387096774193549
26,MultinomialNB,synthetic_only,overlap_aware,3057,1190,0.16638655462184873,0.1156892230576441,0.583128784159712,0.19157685934419488,0.0,0.0,0.0,0.11278195488721804,0.7731958762886598,0.1968503937007874,0.2342857142857143,0.9761904761904762,0.3778801843317972
26,MultinomialNB,combined,overlap_aware,7816,1190,0.973109243697479,0.9208647219367886,0.9032641338049712,0.9071349812558237,0.9979296066252588,0.9968976215098242,0.9974133471288154,0.9358974358974359,0.7525773195876289,0.8342857142857143,0.8287671232876712,0.9603174603174603,0.8897058823529411
26,LogisticRegression,manual_only,overlap_aware,4759,1190,0.9529411764705882,0.86214764574129,0.8341636295239212,0.8467054028318403,0.9836567926455567,0.9958634953464323,0.9897225077081192,0.7590361445783133,0.6494845360824743,0.7,0.84375,0.8571428571428571,0.8503937007874016
26,LogisticRegression,synthetic_only,overlap_aware,3057,1190,0.15714285714285714,0.2673774544762992,0.5469099438171603,0.317341685346107,0.0,0.0,0.0,0.06432748538011696,0.6804123711340206,0.11754229741763135,0.7378048780487805,0.9603174603174603,0.8344827586206897
26,LogisticRegression,combined,overlap_aware,7816,1190,0.9789915966386554,0.9357105378111729,0.9312017574898842,0.932546448657642,0.9968944099378882,0.9958634953464323,0.9963786859803414,0.9213483146067416,0.845360824742268,0.8817204301075269,0.8888888888888888,0.9523809523809523,0.9195402298850575
26,LinearSVC,manual_only,overlap_aware,4759,1190,0.9521008403361344,0.8669779906301088,0.824543768615667,0.8422093025265438,0.9806910569105691,0.9979317476732161,0.9892362890825218,0.7894736842105263,0.6185567010309279,0.6936416184971098,0.8307692307692308,0.8571428571428571,0.84375
26,LinearSVC,synthetic_only,overlap_aware,3057,1190,0.16554621848739495,0.20664747649203608,0.5804832815142094,0.2787998776699342,0.0,0.0,0.0,0.07772020725388601,0.7731958762886598,0.14124293785310735,0.5422222222222223,0.9682539682539683,0.6951566951566952
26,LinearSVC,combined,overlap_aware,7816,1190,0.980672268907563,0.9435570083466963,0.9341919688565176,0.9378793820654286,0.9958677685950413,0.9968976215098242,0.9963824289405685,0.9318181818181818,0.845360824742268,0.8864864864864865,0.9029850746268657,0.9603174603174603,0.9307692307692308
27,MultinomialNB,manual_only,overlap_aware,4759,1190,0.946218487394958,0.8561797605898276,0.7974690448917253,0.8227386819179753,0.9728370221327968,1.0,0.9862315145334013,0.7432432432432432,0.5670103092783505,0.6432748538011696,0.8524590163934426,0.8253968253968254,0.8387096774193549
27,MultinomialNB,synthetic_only,overlap_aware,3057,1190,0.16302521008403362,0.11523809523809524,0.5780832378770523,0.1898026691000342,0.0,0.0,0.0,0.11714285714285715,0.845360824742268,0.205771643663739,0.22857142857142856,0.8888888888888888,0.36363636363636365
27,MultinomialNB,combined,overlap_aware,7816,1190,0.9722689075630252,0.9091870982675427,0.913129453721571,0.9111396933742762,0.9968911917098445,0.9948293691830403,0.9958592132505176,0.8556701030927835,0.8556701030927835,0.8556701030927835,0.875,0.8888888888888888,0.8818897637795275
27,LogisticRegression,manual_only,overlap_aware,4759,1190,0.9571428571428572,0.8828621288863877,0.8561632774257641,0.8670793791522701,0.9836734693877551,0.9968976215098242,0.9902413970210581,0.7403846153846154,0.7938144329896907,0.7661691542288557,0.9245283018867925,0.7777777777777778,0.8448275862068966
27,LogisticRegression,synthetic_only,overlap_aware,3057,1190,0.16470588235294117,0.2887854265013574,0.5810014727540501,0.3309109241256149,0.0,0.0,0.0,0.07581573896353166,0.8144329896907216,0.13871817383669885,0.7905405405405406,0.9285714285714286,0.8540145985401459
27,LogisticRegression,combined,overlap_aware,7816,1190,0.9747899159663865,0.9230516925740533,0.9188371442233424,0.9204381973171459,0.9938144329896907,0.9968976215098242,0.9953536396489416,0.8431372549019608,0.8865979381443299,0.864321608040201,0.9322033898305084,0.873015873015873,0.9016393442622951
27,LinearSVC,manual_only,overlap_aware,4759,1190,0.9571428571428572,0.8769903928807241,0.8530715600300564,0.8631282812577776,0.9856996935648621,0.9979317476732161,0.9917780061664954,0.7378640776699029,0.7835051546391752,0.76,0.9074074074074074,0.7777777777777778,0.8376068376068376
27,LinearSVC,synthetic_only,overlap_aware,3057,1190,0.17058823529411765,0.22048148728393124,0.6026836851579119,0.2908030093658836,0.0,0.0,0.0,0.0845213849287169,0.8556701030927835,0.15384615384615385,0.5769230769230769,0.9523809523809523,0.718562874251497
27,LinearSVC,combined,overlap_aware,7816,1190,0.9823529411764705,0.9472426830814631,0.9373261332024218,0.9419975932611312,0.9948559670781894,1.0,0.997421351211965,0.8888888888888888,0.9072164948453608,0.8979591836734694,0.957983193277311,0.9047619047619048,0.9306122448979591
28,MultinomialNB,manual_only,overlap_aware,4759,1190,0.9470588235294117,0.8785148013700544,0.794578083237877,0.8210211687847297,0.9699097291875627,1.0,0.984725050916497,0.8421052631578947,0.4948453608247423,0.6233766233766234,0.8235294117647058,0.8888888888888888,0.8549618320610687
28,MultinomialNB,synthetic_only,overlap_aware,3057,1190,0.1672268907563025,0.11884353741496599,0.5905198276332296,0.19545970549734668,0.0,0.0,0.0,0.11571428571428571,0.8350515463917526,0.20326223337515684,0.24081632653061225,0.9365079365079365,0.38311688311688313
28,MultinomialNB,combined,overlap_aware,7816,1190,0.9689075630252101,0.911085241136972,0.8977299258219098,0.9020233045682803,0.9927685950413223,0.9937952430196484,0.99328165374677,0.891566265060241,0.7628865979381443,0.8222222222222222,0.8489208633093526,0.9365079365079365,0.8905660377358491
28,LogisticRegression,manual_only,overlap_aware,4759,1190,0.9613445378151261,0.8989405254171038,0.8646452498252625,0.8809905576903038,0.9816700610997964,0.9968976215098242,0.9892252437147255,0.8068181818181818,0.7319587628865979,0.7675675675675676,0.9083333333333333,0.8650793650793651,0.8861788617886179
28,LogisticRegression,synthetic_only,overlap_aware,3057,1190,0.16302521008403362,0.28336726311653987,0.5725467735777015,0.32844057575240365,0.0,0.0,0.0,0.07232401157184185,0.7731958762886598,0.13227513227513227,0.7777777777777778,0.9444444444444444,0.8530465949820788
28,LogisticRegression,combined,overlap_aware,7816,1190,0.973109243697479,0.9241444442009773,0.9141931094244019,0.9190927528043784,0.9907312049433573,0.9948293691830403,0.9927760577915377,0.8617021276595744,0.8350515463917526,0.8481675392670157,0.92,0.9126984126984127,0.9163346613545816
28,LinearSVC,manual_only,overlap_aware,4759,1190,0.9605042016806723,0.896600527605388,0.8565352593700443,0.8745016531533385,0.9816887080366226,0.9979317476732161,0.9897435897435898,0.8271604938271605,0.6907216494845361,0.7528089887640449,0.8809523809523809,0.8809523809523809,0.8809523809523809
28,LinearSVC,synthetic_only,overlap_aware,3057,1190,0.17058823529411765,0.21855893692646042,0.6011018382152403,0.2902006668754086,0.0,0.0,0.0,0.08290685772773797,0.8350515463917526,0.15083798882681565,0.5727699530516432,0.9682539682539683,0.7197640117994101
28,LinearSVC,combined,overlap_aware,7816,1190,0.9815126050420168,0.9501108790387045,0.9346086540672838,0.9422043769216857,0.9928057553956835,0.9989658738366081,0.9958762886597938,0.9139784946236559,0.8762886597938144,0.8947368421052632,0.9435483870967742,0.9285714285714286,0.936
29,MultinomialNB,manual_only,overlap_aware,4759,1190,0.9504201680672268,0.8765400084549021,0.808323787705231,0.8282995740927189,0.9797365754812564,1.0,0.9897645854657113,0.8666666666666667,0.5360824742268041,0.6624203821656051,0.7832167832167832,0.8888888888888888,0.8327137546468402
29,MultinomialNB,synthetic_only,overlap_aware,3057,1190,0.16302521008403362,0.11491482443917196,0.574919543991709,0.18949641046868848,0.0,0.0,0.0,0.11320754716981132,0.8041237113402062,0.1984732824427481,0.2315369261477046,0.9206349206349206,0.3700159489633174
29,MultinomialNB,combined,overlap_aware,7816,1190,0.965546218487395,0.8947592811229175,0.8832652743728554,0.8870358257291316,0.993801652892562,0.9948293691830403,0.9943152454780362,0.8571428571428571,0.7422680412371134,0.7955801104972375,0.8333333333333334,0.9126984126984127,0.8712121212121212
29,LogisticRegression,manual_only,overlap_aware,4759,1190,0.9630252100840336,0.8957140249555137,0.880002330774727,0.8874753014363318,0.987667009249743,0.9937952430196484,0.9907216494845361,0.8333333333333334,0.7731958762886598,0.8021390374331551,0.8661417322834646,0.873015873015873,0.8695652173913043
29,LogisticRegression,synthetic_only,overlap_aware,3057,1190,0.16134453781512606,0.282724383013679,0.5656739213440244,0.32726479679884696,0.0,0.0,0.0,0.0703953712632594,0.7525773195876289,0.12874779541446207,0.7777777777777778,0.9444444444444444,0.8530465949820788
29,LogisticRegression,combined,overlap_aware,7816,1190,0.973109243697479,0.912197204297868,0.927350902478569,0.919512612790621,0.9968782518210197,0.9906928645294726,0.9937759336099585,0.8349514563106796,0.8865979381443299,0.86,0.9047619047619048,0.9047619047619048,0.9047619047619048
29,LinearSVC,manual_only,overlap_aware,4759,1190,0.9663865546218487,0.9013036244105823,0.8851918300366578,0.8923402570482267,0.9907407407407407,0.9958634953464323,0.9932955131511089,0.8505747126436781,0.7628865979381443,0.8043478260869565,0.8625954198473282,0.8968253968253969,0.8793774319066148
29,LinearSVC,synthetic_only,overlap_aware,3057,1190,0.16974789915966387,0.2234333694348368,0.6000381825124093,0.29218026222815424,0.0,0.0,0.0,0.08409321175278622,0.8556701030927835,0.15313653136531366,0.5862068965517241,0.9444444444444444,0.723404255319149
29,LinearSVC,combined,overlap_aware,7816,1190,0.980672268907563,0.9334071403068386,0.9435390975332766,0.938397797569674,0.9989615784008308,0.9948293691830403,0.9968911917098445,0.88,0.9072164948453608,0.8934010152284264,0.9212598425196851,0.9285714285714286,0.924901185770751
30,MultinomialNB,manual_only,overlap_aware,4759,1190,0.9521008403361344,0.8883350272622215,0.81749743386328,0.8445202256809367,0.9708542713567839,0.9989658738366081,0.9847094801223242,0.8181818181818182,0.5567010309278351,0.6625766871165644,0.875968992248062,0.8968253968253969,0.8862745098039215
30,MultinomialNB,synthetic_only,overlap_aware,3057,1190,0.16974789915966387,0.118421928400485,0.6032018763977527,0.19586618431156247,0.0,0.0,0.0,0.12663755458515283,0.8969072164948454,0.22193877551020408,0.2286282306163022,0.9126984126984127,0.3656597774244833
30,MultinomialNB,combined,overlap_aware,7816,1190,0.9697478991596639,0.9215112062303074,0.9004474049570478,0.9104622022963605,0.9866666666666667,0.9948293691830403,0.9907312049433573,0.8651685393258427,0.7938144329896907,0.8279569892473119,0.9126984126984127,0.9126984126984127,0.9126984126984127
30,LogisticRegression,manual_only,overlap_aware,4759,1190,0.9571428571428572,0.8861024696055245,0.8537185305221212,0.8692385854166096,0.9806517311608961,0.9958634953464323,0.9881990764494613,0.7802197802197802,0.7319587628865979,0.7553191489361702,0.8974358974358975,0.8333333333333334,0.8641975308641975
30,LogisticRegression,synthetic_only,overlap_aware,3057,1190,0.1672268907563025,0.3046031746031746,0.5913107511045655,0.340893646496363,0.0,0.0,0.0,0.07809523809523809,0.845360824742268,0.14298169136878813,0.8357142857142857,0.9285714285714286,0.8796992481203008
30,LogisticRegression,combined,overlap_aware,7816,1190,0.9747899159663865,0.9304562986103634,0.9234387320720864,0.9264985711212175,0.9907312049433573,0.9948293691830403,0.9927760577915377,0.8514851485148515,0.8865979381443299,0.8686868686868687,0.9491525423728814,0.8888888888888888,0.9180327868852459
30,LinearSVC,manual_only,overlap_aware,4759,1190,0.9588235294117647,0.8910636056086864,0.8536170244930467,0.8714508148882091,0.9806910569105691,0.9979317476732161,0.9892362890825218,0.7865168539325843,0.7216494845360825,0.7526881720430108,0.905982905982906,0.8412698412698413,0.8724279835390947
30,LinearSVC,synthetic_only,overlap_aware,3057,1190,0.17394957983193277,0.21833159702126018,0.6164293896252659,0.2906398789046374,0.0,0.0,0.0,0.08895705521472393,0.8969072164948454,0.16186046511627908,0.5660377358490566,0.9523809523809523,0.7100591715976331
30,LinearSVC,combined,overlap_aware,7816,1190,0.980672268907563,0.9412035246276517,0.937355662741861,0.9392260289303006,0.9948400412796697,0.9968976215098242,0.9958677685950413,0.8775510204081632,0.8865979381443299,0.882051282051282,0.9512195121951219,0.9285714285714286,0.9397590361445783
